index,sim_y,sim_x1,sim_x2,sim_x3,sim_x4,sim_x5,sim_x6,sim_x7,sim_x8,sim_x9,sim_x10,sim_x11,sim_x12,sim_x13,sim_x14,sim_x15,trend
0,-0.441804832,1.262954285,-1.045717652,-0.390009563,-1.687801029,-1.424031666,-0.286851565,-0.959316423,-0.123545685,-0.614495099,-0.183679589,0.44434582,-0.66185015,1.357600613,0.095308684,-0.27650779,1
1,-2.793369538,-0.326233361,-0.896211264,-1.81922223,0.647645994,-1.669344412,1.841106893,-1.62031665,0.147392919,2.827807696,0.237403992,0.01192938,-0.346816077,-0.322124931,0.991170347,-0.854417512,2
2,2.537384071,1.329799263,1.269387164,0.65918071,0.448794227,1.379236132,-0.15676431,0.822513291,-1.240966183,1.500310421,-0.570730016,-0.009280045,1.339732449,-1.106560508,0.428252039,1.484950307,3
3,1.76959078,1.272429321,0.593840949,0.459621673,1.026302158,-0.919674583,-1.389802635,0.10871267,2.004243464,-0.038203923,0.678865182,-0.302377554,0.592419266,0.038224735,1.118213517,-1.597298664,4
4,2.299627522,0.414641434,0.775634319,1.616626337,1.074978223,-0.504490044,-1.473103989,0.760994764,-0.77197957,-0.833422908,-1.465345487,0.492355022,0.718904016,0.743778758,-0.739658147,0.374998873,5
5,-1.555088318,-1.539950042,1.557370376,-1.856190495,0.458309613,-1.134731813,-0.069518934,-2.306256552,-1.178889074,0.441814995,-1.137687797,-0.602719618,-0.411419278,-1.416045015,-2.063933394,1.327244247,6
6,-1.687818291,-0.928567035,-0.365401797,-0.286823883,0.631586758,0.512773055,0.23924143,1.064045133,-0.569679874,-0.361959366,-0.989656081,-0.68227652,1.16297294,-0.82606497,0.389762625,-1.450355256,7
7,2.042754436,-0.294720447,0.816556449,1.750321889,-0.580466398,0.527988783,0.250419911,0.343252396,1.754820845,-0.393244089,0.792858052,0.286737237,0.902030483,1.111694433,-0.485376016,1.112487045,8
8,1.014089262,-0.005767173,-0.060634778,0.116413613,1.584192142,1.188247324,-0.26442395,-0.454694963,-1.775369314,0.164743104,0.253010895,0.165586356,0.212617453,-0.568142043,-2.224558324,-0.677697483,9
9,3.96705853,2.404653389,-0.501378318,1.384253158,-1.76399294,-0.462036358,-1.975399955,0.537837906,-0.209766913,-0.273551756,-0.751931498,-0.842053935,-0.263459569,1.604992585,-1.1864324,-0.615243132,10
10,2.485706726,0.763593461,0.926062725,0.574220913,-1.88062197,1.241069288,-0.449876006,0.279674939,-1.234044081,0.476402714,-0.585740794,-0.822113719,-0.831702845,0.914487171,0.610182371,-0.239364532,11
11,-1.253226102,-0.799009249,0.036937691,0.136490812,-1.291719044,0.137021552,0.926465655,0.631527435,-1.030479782,0.731150603,1.424406714,-1.429350824,-1.190663094,0.285990442,1.514145293,-1.284009898,12
12,-1.290806605,-1.147657009,-1.066200174,0.914215989,0.909670446,-1.299645239,-2.319971111,0.529627475,0.026885635,-0.736171088,-0.93022732,0.134741719,-1.34739813,-0.362752732,0.36207872,-0.266959315,13
13,-3.528059793,-0.289461574,-0.238456353,-1.800826318,-1.107755682,1.151408943,0.61393355,0.165790906,0.476041978,1.304384754,1.112958043,0.629984088,-0.612180491,-0.820452009,1.648398984,-0.513585009,14
14,0.829014204,-0.299215118,1.495223444,-0.339880639,-0.384123875,1.513447478,-1.473140132,0.143169173,1.669779068,0.419843803,1.606579421,1.120535377,0.47516319,0.130878914,0.089483884,-0.488050317,15
15,2.048624176,-0.411510833,1.172158547,0.606264572,0.082734834,0.802137876,-0.219049185,-0.606080622,-0.395346679,1.505363585,-1.252321592,0.922258127,-0.516932938,0.214580062,0.728601985,0.025105487,16
16,-0.020451173,0.252223448,-1.45770721,1.341130311,-0.483882474,-0.430536942,-1.403416293,0.456530316,0.436339261,-1.907004959,1.634552926,2.108528331,0.703279493,0.490027519,0.554856588,1.421088751,17
17,-0.259770462,-0.891921127,0.095056227,0.767287288,-2.084741125,-1.34470094,0.820628408,-0.534031659,-2.767870781,1.109305848,-0.221808313,0.79639367,0.284020218,0.521728233,0.846200169,0.524853063,18
18,1.673318729,0.435683299,0.847664964,0.193725667,1.167586964,0.03744207,-0.592726276,1.312650796,0.143077908,-0.025426744,1.515525903,-2.6738679,-0.707138196,1.105875047,-0.310977943,1.992208991,19
19,-0.842522255,-1.237538422,-1.62436453,1.140566691,-0.076825771,-1.345721789,0.421968793,0.106862379,1.648022497,0.080458145,-0.138913875,-0.228189977,0.099389564,0.508100769,0.851076071,-0.131188113,20
20,0.857422493,-0.224267885,1.408563357,0.013864804,0.530421395,-1.814004316,-0.800152109,1.444751257,0.507068009,0.091011715,-1.53844541,0.052822862,0.261091012,-1.231349919,1.025925413,-0.214149274,21
21,-1.372265093,0.377395646,-0.541760362,-1.10530591,0.004908796,0.704033532,-1.183201144,-0.349824461,-0.092403542,0.355300704,-0.944662552,0.165821406,-0.718762563,-0.595932118,0.316262389,0.539771925,22
22,0.470039755,0.133336361,0.278664724,-0.025162639,-0.53023143,-0.299019664,-1.50955729,-0.202977565,-0.153249323,-1.545373709,-0.57891541,-0.164382974,1.787849222,1.070934572,-0.727586672,-0.191752981,23
23,0.724031261,0.80418951,-0.193972745,-0.163673338,0.10220241,-0.398891296,-1.155943109,0.843323868,-0.584182132,-0.04105797,0.61014112,2.222058088,1.139568171,-0.646405678,-0.55290849,-1.659683075,24
24,2.087363838,-0.057106774,1.576158181,0.370059748,0.815459636,-0.64331733,-0.354855101,1.134289963,0.47589442,0.084713385,-0.013014755,0.780272529,-0.277005302,0.720211977,-0.363337399,-1.220441365,25
25,-1.546867832,0.503607972,-1.475547635,-0.380824536,-1.506521863,1.315605055,1.385451186,-1.134146078,0.439854855,0.815728506,-1.42671214,0.904523886,0.451759823,-0.333908224,-0.800390486,1.636737476,26
26,1.537118511,1.085769362,-0.144608207,0.652952369,-1.157180172,-1.584967881,0.569659859,0.839866477,1.486195063,-0.345048343,1.026577912,-1.292999663,1.491782843,1.285148215,-0.160847547,1.393979638,27
27,0.372204636,-0.69095384,-1.075010191,2.061341806,1.301554937,-0.444496425,-0.638495083,1.09844703,-2.119558201,0.048246132,0.211805291,-2.07802948,-0.033108577,-0.105309005,1.786050683,0.760435106,28
28,-1.993748999,-1.284599354,0.406542732,-1.796644937,-0.905640775,0.566183078,0.239804446,-0.440626743,0.021912287,-0.208132678,-0.511779931,0.762792048,-0.046955275,-0.114908931,-1.946049821,0.706908169,29
29,3.375302272,0.046726172,2.229262202,0.584077124,0.015563481,0.290325674,-1.000774423,0.704830751,-0.593561886,0.228801904,0.952021776,-1.768662113,-1.914633856,-0.419299065,-1.337314054,-0.926139821,30
30,-2.880975382,-0.235706556,-1.514497008,-0.722753124,-1.428005197,-0.615544332,-0.615286634,-0.650810638,-0.277968861,-1.265159329,1.489575542,-2.092527871,-0.013126394,-1.261049547,0.627200307,1.285462467,31
31,-1.286331332,-0.542888255,-0.061707422,-0.629164665,0.687979702,-0.062007819,0.157730187,-0.530295274,-0.289927818,-1.6213736,-0.545155024,1.040937039,0.059448309,0.085277537,-1.219597574,0.40888701,32
32,-3.275514284,-0.433310317,-0.14727079,-1.816206055,0.594196501,-0.192610255,2.684060804,-0.177034943,-0.729067923,-0.735241717,-1.223668061,0.725874333,-1.150067152,0.107114476,-0.677860949,-1.112552085,33
33,0.734108251,-0.649471647,1.541593069,-0.259289098,-0.270315244,1.683153949,0.22946746,-0.69778164,0.293541481,-1.681901459,-1.768047848,-0.873292285,0.004480675,1.993335099,0.314722125,0.856126641,34
34,0.433263195,0.726750747,-0.981855669,0.334632273,1.554076076,0.102573846,0.100254667,1.475190672,-0.717230531,1.464273955,0.626209804,-0.681909592,-0.883642641,-1.347849381,0.869550666,-0.905515928,35
35,0.447069018,1.151911754,0.496578173,-1.427167613,-0.510742458,-0.654835313,-2.302512517,-0.044228378,-1.565152728,1.576854885,-0.381192215,-0.816400702,0.671046073,-0.69240842,0.889574059,-1.021142255,36
36,4.862843182,0.992160365,1.696947881,1.938628233,-0.291842736,1.1865752,1.175894863,-0.425329831,1.084880017,-2.666810612,0.740656955,1.753333647,0.004894727,-3.036842469,-0.196429933,-1.033532048,37
37,-1.189147266,-0.429513109,-0.260736309,-0.759530213,1.101438165,-1.272369672,1.24836964,-1.638931473,-0.261736594,0.039090399,2.008043884,-1.4925482,-0.181078157,1.314519433,-0.601043331,-0.296471001,38
38,-1.254392433,1.238304101,-0.705928586,-2.278776142,0.458665215,0.53806458,-1.623245918,0.065260153,-0.20021679,1.078576657,1.244266444,-0.138713241,0.383879424,0.354791246,-0.173708938,-1.75616157,39
39,-0.258176072,-0.279346282,-0.161178506,-0.114050766,0.851908039,1.230850392,-0.002656146,-0.778700209,-0.044345812,-1.523092055,-0.541570095,0.592539751,-0.952801062,0.479317198,-0.890033827,0.645153456,40
40,3.928715616,1.75790309,0.501321828,2.351856666,1.466199919,-1.165706963,-0.837264285,-0.41627648,-1.15434752,-0.2246783,-1.596860459,-0.03356126,-0.367041298,1.64493892,0.251358259,0.488781696,41
41,0.823664017,0.560746091,-1.01353967,1.596320803,0.243863295,0.324209448,0.118853245,-0.358192742,0.616557586,-0.286800078,1.757805791,-0.20740668,0.314710715,0.760243549,-0.132242204,-1.047243587,42
42,2.409838711,-0.452783973,1.614752235,1.277445511,0.649421934,0.950867375,-0.501007298,-1.681240457,0.327501215,0.267018252,1.712550096,-0.190824364,-0.709251467,0.772413174,0.196227576,1.274550667,43
43,0.527924666,-0.832043296,0.005641985,0.788970858,-0.641118156,1.117433602,1.025344726,0.457564224,-1.367324039,0.213084554,-0.730080323,2.056954701,0.429466575,-0.320802439,0.373121006,0.129844744,44
44,-3.761091174,-1.166570547,-2.90489906,0.461465382,0.464459771,1.523969047,0.217808213,0.202849808,0.277124492,0.519286617,1.456038508,-0.651173381,-0.730365013,1.049811964,-0.438822522,0.220901861,45
45,-2.575029881,-1.06559058,-1.107164819,-0.438069134,-0.309200447,1.91804841,0.085578656,0.401840134,-0.256183163,2.004881988,1.048505778,-0.697760493,0.02676092,-0.842384622,-1.146581017,0.579971986,46
46,-1.443238879,-1.563782051,1.547566933,-1.507807009,1.276020709,0.200177306,0.387769029,-0.861463695,0.822373051,1.068294112,0.799473745,1.046057726,0.565023691,0.051498819,0.092773571,0.315860238,47
47,-2.396466653,1.156536997,-0.97683035,-2.222946131,-0.04761122,-0.847190495,-1.817656629,-1.872698748,-0.24038885,-0.523849838,-0.56273311,-0.049920675,-1.3040743,1.540953425,0.661013499,0.275391997,48
48,-0.030923306,0.832047129,-0.101503448,-1.178672442,0.030101166,-0.75686754,-1.174550153,1.938031647,0.275620991,0.729769247,0.118180814,1.746908774,0.592417359,1.083764311,0.840569943,-0.286516639,49
49,-1.695518693,-0.227328691,0.04265025,-1.782760224,-0.00358027,0.695104616,1.366606514,1.40352522,1.341725256,1.071810543,-0.376893544,0.400194688,1.053974723,-2.861205182,1.106005382,0.206340853,50
50,-2.100292667,0.266137362,-1.596718014,-0.987919139,-2.034572643,-1.572917874,0.190588625,-0.465834428,1.801656603,0.884232239,0.918030855,0.555978476,-0.229403433,-0.196905274,0.592145423,0.699569174,51
51,0.992446643,-0.376702719,0.490967373,0.728488688,-0.992819963,0.5002338,0.407143173,-1.451391552,-1.076858265,-0.098990571,-0.21430799,2.078951319,-0.801378683,0.857134968,0.038351628,0.467293167,52
52,1.302168862,2.441364629,0.421603365,-0.884684915,1.963858056,-1.15491866,-1.405579071,-0.19407645,-0.115393405,-2.041881656,1.118540685,-0.689031864,-0.531842296,-0.605311642,0.143989982,-0.866444816,53
53,-1.188626883,-0.795339117,1.873903899,-1.538441417,0.706528773,-0.925201228,2.172244168,-0.052979473,-1.367735754,2.053746402,0.016378092,1.335536264,0.535023232,0.203025941,-0.105164837,0.885050093,54
54,-0.014082678,-0.054877474,1.034514324,-0.972226803,0.03967498,0.341904559,-0.539542776,-2.085633166,0.477552542,0.614858577,-1.143232575,-0.597594163,-0.566908813,0.634959076,-1.044785156,-0.155787959,55
55,-1.098302206,0.250141323,0.08181031,-1.71813619,-0.15851859,-0.589627963,0.486887772,-0.29418827,0.306073004,1.769555784,1.070187312,-0.067447107,-2.370227045,0.364344842,-1.484270704,-0.945728233,56
56,1.769782175,0.618243294,-0.082523762,0.803757539,-0.162257551,-0.828438381,-0.261532,0.0709752,-0.56952568,1.344560429,0.324475959,-1.118574941,1.658638192,-0.029242957,0.16540946,-0.263509827,57
57,-1.250265922,-0.172623503,0.606073431,-1.50178717,0.438821912,-0.66373021,0.923313589,1.680361859,-0.963405158,0.328327464,-0.654797051,0.310520634,1.872597267,-1.023716131,-1.038068549,-1.814050206,58
58,-3.014980634,-2.223900274,-0.887420145,-0.145499071,0.780699292,1.416440853,-0.910911965,-1.11690607,2.361948811,1.038574647,-0.779382765,0.412346115,-2.225174172,0.297060668,0.454609335,0.459004956,59
59,-0.938005998,-1.263614385,0.10542139,0.579458612,-0.981205622,-1.371502343,0.983827544,2.402962775,-0.018704008,0.716879995,-0.953852766,-1.470685823,-1.351247832,-0.986714676,0.640797584,1.830865599,60
60,1.961712969,0.358728896,0.352874473,1.201525576,-0.141585732,0.108860723,1.003069942,1.25512582,0.297713284,0.731480672,-0.024810099,-1.335857619,-0.686228054,-0.744535934,2.178518119,0.1819348,61
61,1.591374533,-0.011045478,0.550393358,1.893910787,-1.256248953,-0.466822252,-0.790760348,-0.069794882,-0.854630033,0.902195698,1.201157495,0.649779329,0.802304552,0.84897342,0.691624541,0.60830192,62
62,-2.485743316,-0.940649163,-1.134330969,-1.760226343,-0.429033676,2.961743363,-1.658033573,-0.380856078,1.507604241,1.535925123,0.714924585,-0.174650536,0.582972647,0.809733221,0.122333748,-0.492323579,63
63,2.211189725,-0.115825322,1.462351539,0.924546803,0.508776266,-0.15782718,0.400994752,0.393556572,1.219015933,-1.205443078,-0.435841923,-1.993010999,-1.619649565,0.099829567,-0.141270383,-0.95856158,64
64,0.097133441,-0.814968709,0.702116711,-0.556542168,-1.446889743,1.819425273,-2.348004883,1.265556269,0.116997409,-1.953715192,0.775660848,-0.330462315,-0.431383604,0.688188552,-0.777518724,-0.647676128,65
65,2.703002531,0.242263481,2.507111148,-0.180584138,1.019512829,0.863742551,0.73047759,1.43107831,0.093003941,-0.429964735,-1.641619042,0.413252463,0.998104582,-0.00240364,-0.018539943,-0.312371525,66
66,-2.53041506,-1.425098395,-1.890027144,1.447440285,1.178546976,-1.56644322,0.755255204,0.175970353,0.853229254,0.539067461,0.674118526,-1.087184334,0.173101632,-0.35980968,-0.112835622,0.479079202,67
67,-0.6658377,0.365941123,-0.58981279,-0.607131453,-0.010258765,0.515455969,0.78856638,-0.789782099,-0.251673129,-0.453723899,1.377422807,0.048162709,0.331471158,1.188265095,-0.317434648,0.681028281,68
68,-0.397686666,0.248412649,-1.714502297,0.67936243,0.268624871,0.696219512,-0.342063446,1.096179379,-0.14811243,-0.283667456,1.028368421,-0.643207659,0.185473676,-2.07063171,-0.151580071,0.08568541,69
69,-0.127976981,0.065288182,-0.420997898,-0.09355764,1.342028872,0.025421101,1.823848892,1.040497132,-1.867890143,0.264618303,-0.605855832,1.397682518,1.674073505,-1.719547178,0.472664867,-0.030059269,70
70,0.632339163,0.019156392,0.310141377,-0.490086292,-0.583606443,-1.951783301,-0.14814048,-0.599075968,0.459839869,-0.719681891,-0.554080359,0.20812468,-0.308894756,-0.053431497,0.296508769,0.517526368,71
71,3.703779101,0.257338377,1.702570586,1.410659383,-0.937000891,2.245358736,-0.971565897,-1.063155272,2.811991504,-0.474542158,-0.281289604,0.583953051,2.012742573,-0.575781281,0.384192726,-0.296773342,72
72,-0.953526549,-0.649010078,-0.443384804,-0.22457379,-1.152157056,-0.187737175,-0.389138968,-0.13545373,0.319516336,-0.124557807,-1.231708346,3.023596733,-0.992208318,0.302254351,-1.335915901,0.133820815,73
73,-1.557796337,-0.119168762,-1.198597083,-0.21249549,-0.975183431,-1.40125119,-1.263656166,0.345990467,-1.23556792,-1.062580614,1.307542417,1.091335996,-1.523578205,-0.573625236,0.455115848,0.86739576,74
74,0.323374062,0.6641357,-0.307380914,0.696378474,-0.711413598,1.248358506,-1.278265506,-0.235347706,0.842305259,1.964931586,-1.867774031,-0.228666563,-0.639189705,1.496622681,-0.455627544,-0.228651199,75
75,0.845125034,1.100969102,0.621054203,0.915182505,0.371912476,-0.24707823,0.204386956,-1.04965204,0.596824476,-1.771933072,-0.150015818,-0.46636865,-0.807777317,-1.258644691,-0.58693541,-0.283615131,76
76,-0.532047603,0.143771481,0.181902191,-0.923374316,-0.943514417,0.245559516,0.046567748,-0.853455092,0.366228494,0.909523056,-0.183419301,0.419783753,-0.43223017,-0.086141949,-0.530433194,-0.01798807,77
77,1.257907971,-0.117753598,1.318400931,1.146873263,-0.274367308,-0.778723557,-0.538768588,0.815269594,0.093153124,-1.879042521,-0.078063283,-0.415107559,-0.244429865,1.555027187,0.814032595,-0.050704283,78
78,-0.599987361,-0.912068367,-0.298909313,-0.635865043,0.154468494,-1.790886181,-0.218683231,0.679913372,0.59512111,-1.303376792,-0.04128384,1.168557071,-1.393925505,-0.474839471,-0.469126531,-0.150947486,79
79,-1.609387486,-1.437586241,-1.648221742,-0.886443308,-1.288653202,-0.167523856,-0.15529542,0.331725219,-0.466791919,1.174782608,1.164769081,0.793371128,-0.661130773,-1.686159849,-0.729109163,0.229958494,80
80,-1.544764593,-0.797089525,0.95149847,-2.333136685,1.419102319,0.750979937,-0.306256372,-0.661940027,-1.60275927,0.143984716,-0.447220157,0.380697217,2.601174361,1.842768027,-0.300886287,1.317730242,81
81,-0.560571593,1.254083106,-1.113122953,-0.145490805,1.307827762,-0.017023403,1.769289381,-0.162888273,0.569388628,0.719598783,1.952915696,0.335054157,0.637699988,0.222219381,1.603361064,-1.779920287,82
82,0.777462562,0.772142186,0.616966476,0.316964024,-1.804975774,0.027578974,-0.593041995,-1.130392439,0.257115383,0.530024225,0.864579088,0.460524337,-0.239202679,-0.191542424,0.091677531,-0.126081956,83
83,-0.271451388,-0.219515627,0.513493716,-0.707469988,-0.484069527,0.222146147,0.689431248,0.893394174,1.082789769,0.350105945,1.071924895,-0.053733233,2.145345084,-0.863960481,0.931194944,1.147290334,84
84,1.02203984,-0.424810283,0.369459104,1.242155558,-0.37321178,0.398631825,-0.340080187,-1.794838849,-1.219001014,-0.344855375,-1.763175475,0.346259672,1.030170848,-0.463848933,0.342681888,0.477093974,85
85,0.646186354,-0.418980099,1.723894131,0.620152195,0.169085902,-0.261518413,-1.061509942,-0.248902063,-1.530554249,0.332256598,-0.773341087,0.22295561,1.136473578,1.132708205,-0.233920744,-0.255590213,86
86,-0.207953056,0.996986861,-0.206144567,0.099903068,-1.172983603,-0.303177624,-0.939173204,-0.244751584,-1.652111774,-1.788856476,0.121751128,-1.729891695,-0.010610621,-0.373169318,0.672937781,0.092618164,87
87,-0.45023416,-0.275778029,-1.31419514,1.807703488,-0.376196737,-0.733571785,0.156912588,-0.642571918,0.786249263,-1.490763037,-0.848101064,-0.961006709,0.108348459,1.037260863,1.038904921,2.509934256,88
88,0.242139394,1.256018817,0.063474096,-1.502429979,0.78312764,-1.381854714,-0.571797205,2.461765777,1.058597356,-1.142110511,-0.988867953,-0.42917099,1.105982629,-0.330148329,1.32446501,0.406955665,89
89,0.280171079,0.64667439,-0.231977451,0.285640465,0.991171304,-1.441687373,0.158199488,2.212329413,-0.73866489,0.20929912,1.416998013,0.221645844,-0.900719166,1.274789536,0.3925413,0.143169742,90
90,1.082815497,1.299312303,0.635060328,0.845706964,0.229284475,-0.786310164,0.340690847,-0.517552252,-0.138852471,0.162159503,-2.046280668,0.682797741,-0.304042201,-0.33353795,0.025384921,0.414008965,91
91,0.111870234,-0.873262112,1.634644285,-0.995342638,0.336850949,-0.74248224,0.735364418,0.443393864,-1.41987601,0.008184724,-0.771162084,0.342167835,0.23041673,1.365644151,-0.184260324,1.950132785,92
92,-0.928197295,0.00837096,-1.808327579,-0.256854125,-0.647231999,-0.390980247,-1.02482813,0.328105132,0.868555313,-0.438708405,0.572485404,1.0071652,-0.233411122,-0.786266705,0.208957729,-0.099797771,93
93,-0.764893823,-0.880871723,-0.213885951,-0.055856043,-0.443206682,-1.215755063,1.363362141,0.446249505,-1.624989449,1.135235729,-0.176371962,-0.948486398,0.224893104,0.659470323,0.820346143,0.458880597,94
94,0.718551484,0.596259017,0.070366141,-0.44500524,1.161751761,-0.890405591,-1.915180723,0.489449364,0.143163456,-0.126318575,-0.951477642,-0.224625504,1.55054594,0.606837484,1.323819978,-0.524247598,95
95,0.894925724,0.119717641,0.54970767,0.069695103,0.06505101,1.498272631,-1.923833752,-0.672802963,0.710479672,-0.528109312,1.66461986,-2.182837134,1.798420454,2.255449318,0.989649026,0.106244758,96
96,-0.826953537,-0.282173877,-0.696823546,-0.154671706,-0.68246758,0.371839111,1.13571696,-2.167439027,-0.055470036,0.818102205,0.282131289,1.06320111,-0.872866687,0.76242686,-0.059079553,-2.155071914,97
97,0.369680722,1.455988401,0.390565942,-0.831263459,1.634341658,0.261106083,1.241223614,-0.449159939,0.171813203,-1.817400491,-1.943938462,-0.683058302,0.066307962,-1.700113423,-0.044568763,1.090091744,98
98,0.275206634,0.229019591,0.381411259,0.761544352,-0.584849244,-0.024543857,-1.157504888,0.66959282,-0.639099802,0.1723658,-0.44119994,-0.642961431,-0.585265961,-0.111794554,0.672025677,0.730503453,99
99,-0.374074012,0.996543929,-0.01237277,-0.576506933,1.129936001,-0.917689244,0.496621993,-0.582069807,-0.662710731,0.137942217,1.579159618,1.837217262,0.091225075,-0.1979124,-0.783946769,0.857474697,100
100,0.072964036,0.781859185,-0.124434986,-0.626368228,0.581201043,-0.591884218,-1.331908129,0.323837305,0.078761716,0.814883723,1.980198247,0.69481122,-0.169317739,-0.532190199,-0.937405937,1.262276623,101
101,0.466706457,-0.776776622,1.466744593,0.481335326,0.379293067,-0.370993056,1.59262862,-0.785836986,-0.051420603,-1.466616391,0.669008484,-1.076390625,0.879351534,-0.369966713,0.436959284,0.306785426,102
102,0.365584841,-0.615989908,0.673928676,1.695271084,-0.310740876,0.087924257,0.061958081,0.217898598,-0.260774127,0.439264692,0.032093936,0.459203691,0.137912315,1.170899312,0.36124732,0.191827061,103
103,-0.282378232,0.046580303,1.956425263,-1.761226294,0.886390001,-0.034726345,-0.145945861,0.476659469,1.566268188,0.67415587,-2.217868254,-1.139876822,0.514483943,-0.464567775,0.770435809,0.519870029,104
104,-0.26826388,-1.130385778,-0.269041012,0.198013015,-1.64186475,1.806374269,-0.343735779,0.069954447,-0.37201511,-0.601031053,1.433178479,0.138643886,0.394584215,-0.302146007,-0.098183676,-0.964235773,105
105,-0.336141475,0.576718782,-1.244551518,0.397349099,-0.988563742,-0.340236065,-1.247170993,-1.04096263,1.741944439,1.984577381,-0.745948559,1.232261753,-1.584562141,1.391370891,1.288708793,-1.85513353,106
106,0.495356734,-1.280749432,-0.395702923,0.029225495,-0.244003429,-0.748963256,0.84333396,1.166413984,-1.098856541,0.174908188,0.453045488,1.830509655,0.588672856,-0.449640632,0.433584943,-0.861322663,107
107,2.329340564,1.625447303,0.097396655,2.560273389,0.156056926,-1.639136839,-0.002131136,-0.073174702,0.866328444,1.767877111,-1.201462766,0.318410673,0.158435254,-0.84665498,-0.894253961,-0.842981421,108
108,-0.546000475,-0.500696596,-0.23838695,1.257127712,0.102051958,-1.001187676,0.49188085,-1.285077445,0.534788336,-0.308973149,0.600672571,0.773853808,-0.528154012,-0.032758136,-0.666239268,0.39528554,109
109,0.236117634,1.678297208,-0.411827957,-0.534537686,-0.287458172,2.595771838,-0.814033523,-0.688795456,-1.394227775,0.442747119,-2.568398152,-0.629624566,-1.590643806,0.151766122,0.414639248,-1.404818039,110
110,-2.024423045,-0.412519887,-1.577218049,-0.625227429,-0.293194886,0.303198815,-0.430486011,0.09105248,1.496063982,-0.834609138,2.291253944,-0.768106402,-0.825373064,1.414294355,0.463536424,-1.350853341,111
111,-0.869331458,-0.972286836,-0.797276095,0.913848687,0.469477058,0.908747388,0.236554399,-0.84269181,-1.242427487,1.715631879,-0.714778769,-0.813066513,-1.023118654,-1.819780983,-0.28265075,-0.582332092,112
112,0.151259864,0.025382868,-1.096236783,1.007199535,-0.662588512,0.207849948,-1.754225843,-1.838814903,-1.026687817,-0.235425279,0.651451051,1.263764834,1.211019935,0.060099221,0.460244053,0.796542132,113
113,1.093160466,0.027475337,0.308308749,0.719291823,-2.190372666,0.178014002,-0.95278383,-1.032559649,-0.56466094,1.178134979,-1.939598895,-1.315654343,0.749185659,1.178917087,-0.586643397,-0.063441179,114
114,-1.556720457,-1.680182722,0.344795124,-0.604711661,0.003854672,-0.165764998,-0.628854148,-0.11435889,-1.07303196,0.324431255,0.206583906,-0.813798025,0.78730175,-0.316034949,2.395234315,-0.258465846,115
115,1.460274246,1.053750863,1.539648088,0.539054406,0.862942829,0.55710362,0.562778893,0.065738832,-0.357698712,0.064208198,2.110791901,1.459961145,0.186775632,0.76160019,-0.241247653,0.463479195,116
116,-1.756691344,-1.119599105,-0.329514192,-0.076830886,0.980223359,1.444334403,-0.953274417,1.467632026,-0.579333784,1.560251817,1.089979063,0.480003125,-0.259216137,-0.482336163,-0.859584738,0.420127076,117
117,1.933008326,0.33561721,0.948389351,1.84991956,-0.291724771,0.901357061,-1.094557409,-0.691064579,-0.091615939,0.344360304,0.411433757,-1.587135837,-0.747888314,0.75799337,0.500416086,1.236314435,118
118,0.589597722,0.494795767,-0.479255587,-0.854907551,-0.061013476,-0.222035044,0.411517133,-0.905274779,-0.360880875,-1.24088274,-0.479493513,0.238737649,-0.269728499,-0.820084002,0.138557478,-0.816119664,119
119,-0.264446582,0.138052709,-1.514886795,0.032637295,1.511868401,0.106191316,-0.766182568,-0.709007622,-2.444148776,-1.052772032,-0.176673755,-0.406353055,1.591441374,1.784031643,-0.443739703,0.774324735,120
120,0.384311096,-0.118792026,0.434536656,-1.025059481,-0.643609065,-1.449220833,1.006729041,0.964313072,-0.419301018,-0.430430782,3.039033406,0.825264955,0.399448456,0.346047281,-0.600657749,-1.00585121,121
121,-1.037667088,0.197684262,-0.519536667,-0.982249076,-0.130950479,1.138551724,-1.69889946,-0.885634952,-0.367715385,1.897956032,-0.420907349,-1.164937017,-0.184208729,0.426250881,0.705694864,-0.763882509,122
122,-2.06002755,-1.068692711,-0.834559033,0.004101957,0.485211453,1.813824711,-0.384019443,-0.148970529,-0.563246326,-1.879180594,-0.55195499,1.438925479,-0.188084423,-1.308716782,-1.349783905,-0.568438832,123
123,-1.561771632,-0.803213217,-0.756647609,-0.233427178,-0.645182435,-1.511038733,-0.80877313,2.067510451,-1.389757035,-0.071640922,-0.625227248,0.224060911,-0.036269792,-0.107885526,-1.157650828,1.109217575,124
124,-0.042494578,-1.113765136,1.089503495,-0.498888219,-0.46395622,-0.018086859,-0.524889374,-1.296593801,-0.632436098,2.232839589,-1.141814175,1.828273861,1.318360346,1.245114697,1.701450862,-0.669352041,125
125,2.024847774,1.580091684,1.572432917,1.549712963,0.567249697,-0.880188098,0.71488719,-0.846851351,1.610932919,0.41758521,0.396962728,-0.372392142,-0.370601328,0.447912023,0.207304453,-0.788429964,126
126,1.851200643,1.497818761,1.007364366,0.087496917,-0.723407834,-1.197477099,0.702029289,-0.471162526,-0.239335747,1.179985538,0.17368697,0.079365064,-0.764146956,-0.385840565,1.267715193,-0.281926112,127
127,0.624269528,0.262645459,-0.273157993,1.318701131,0.455884554,1.068758958,-0.768700129,-1.624931454,-0.595278433,1.694488458,1.192089338,-0.601685616,0.21136144,0.056703558,-1.950697017,-0.00191686,128
128,-1.344879317,-1.2329012,-1.309679542,-0.981224119,-1.197934626,1.166736858,-1.877124097,0.182127273,-0.162365078,0.948469498,0.441929819,0.16374377,0.388238839,0.585476755,0.283509931,0.300163466,129
129,0.062812463,-0.003723534,0.222573831,-0.245622588,-2.01818055,2.029958496,-0.770522589,-2.094847822,-2.703013915,0.599024922,-1.266151574,-0.194328978,0.952139515,-0.448643858,-0.625847773,-0.030648219,130
130,0.688757243,1.511672283,1.113433184,-1.403933837,0.619723405,0.500172741,1.333966526,-0.40979684,-1.211183242,-1.534688691,-0.316275825,-0.292452802,-0.759488667,-0.782214965,0.590831457,-0.342077979,131
131,1.432784868,-0.475698284,0.837394397,1.440893147,-0.132857466,-1.822749779,-0.020293545,-0.891486678,0.605711746,-1.907126951,0.096958487,0.616207347,0.442527574,1.596581839,1.495720115,0.932520104,132
132,-0.22185603,0.797916438,0.314516768,-0.981359991,-0.43496074,0.489161061,-0.881977272,-0.732758007,0.280736379,-1.135182758,2.251761876,0.561015584,-0.123499108,-1.652819254,-0.015103668,-2.252575978,133
133,0.493231805,-0.974002561,0.222218072,1.474244904,-0.521754179,-0.693889397,0.008728021,1.113110482,-0.456470172,0.033450286,-1.0508177,-2.172103982,-0.708286809,-0.848419868,1.275923026,-0.574037114,134
134,-0.508608751,0.689372698,-0.84361539,-0.991197245,0.992288426,-0.199064512,0.822826091,0.68255038,0.017132293,-0.136510238,-0.23463841,-1.794765139,-1.088603487,-0.129652903,-0.386446715,0.603756377,135
135,-0.186119181,-0.955839103,0.443805326,-0.094497345,-1.085422408,0.241954076,1.84784878,1.75188651,2.20619316,1.280011887,0.793640773,0.588233838,-1.428601801,-0.455992446,1.513543568,-1.419254226,136
136,-2.670364795,-1.231707058,0.055797111,-2.875141684,0.959832414,0.070352503,0.541310354,1.016537256,-2.231128465,0.142997759,-0.627199868,-1.572572151,-0.00385755,-0.078980079,1.295041953,0.008025292,137
137,-0.843175091,-0.956891881,0.06797239,-0.246866101,-1.039010541,0.794146066,-0.990387611,0.140094492,0.752354109,-0.83416416,-0.454552625,1.023097892,-0.704556756,1.091114928,0.165478475,0.60959165,138
138,-0.744328424,-0.869782874,-0.201961742,0.01474449,-0.137841967,-0.655378696,2.27707702,-0.645259935,0.60185831,-0.512683474,-0.707923609,0.075923839,-0.292416863,-1.225087031,0.688814992,0.009016888,139
139,-2.305053107,-0.910680682,-1.158015254,-1.919087703,-0.214708418,-0.677465097,0.088089367,0.213205712,0.62481827,-1.905198033,-1.791337818,-0.111459239,-0.496069582,1.088696651,0.344313503,-2.12835467,140
140,-0.297608597,0.741276305,-0.59274327,-0.287813744,0.573718585,0.183818514,1.42103578,0.275515394,0.90923221,1.506874988,-3.04536393,-1.661785215,2.066324413,2.725948058,0.340159595,0.272121075,141
141,0.739820337,0.068511533,0.766065384,-0.346637445,-1.776449315,0.877708267,1.30179821,-0.298135578,-0.147238805,-1.679485022,-0.097388392,-0.670606877,1.659180485,0.618609045,0.162454503,-0.192968046,142
142,-0.700048717,-0.323750755,0.038928117,-1.839588585,-0.256392295,-0.392230913,-2.037916075,-1.495382694,0.977888518,0.977703631,-1.296783557,0.800619551,-0.698221181,-0.466427214,0.786759423,-0.890871461,143
143,-0.063839356,-1.086503047,0.014646812,0.898588941,-0.138550636,-0.668948305,1.640861968,0.721642697,0.452138604,1.18075778,0.191180067,1.101119311,2.0905114,-1.287148487,-0.110633581,0.57908389,144
144,-1.187593931,-1.015928947,-0.186316968,-1.212855011,0.557684974,-1.010133243,-0.1099261,-0.827308016,0.950129267,1.307071194,0.811118929,-1.248779945,-1.049138094,0.785175234,-0.405204687,0.150359557,145
145,0.195727501,-0.767790185,1.400590827,-0.218964232,1.122346289,-0.750830596,-0.837959393,-1.269333501,-1.212329011,0.190404684,-0.735002273,0.883923403,1.240089497,0.563318007,0.495112465,-0.325962548,146
146,-0.019617019,-1.119720061,0.01848557,0.564268161,-0.982147207,-0.283552997,0.074671122,0.033673463,0.476068058,-0.826422917,-0.104626876,1.091677453,0.310778919,0.615917586,-0.417505825,-0.064914359,147
147,-0.711418809,-0.448174237,0.249196012,-0.525434376,0.326905556,-1.165802981,0.081318426,-0.417976052,1.266090481,0.987840519,-0.695506182,-1.68195666,-0.632343163,-0.117223397,-2.468550923,-2.223381467,148
148,0.885396639,0.471736374,0.149220736,0.744374225,0.447826608,0.691224986,0.025691173,0.949049121,0.106647185,0.170720586,0.003144412,-0.38434434,-0.864638743,-0.048230808,0.840822078,0.039597163,149
149,-0.977554228,-1.180490683,-0.96323318,0.128981753,1.18372412,-2.056537631,-0.147900751,-0.422709861,-1.010398912,-0.735182927,-0.843264997,0.115617078,0.959247155,-0.15283589,1.35183625,-0.884058603,150
150,1.801626956,1.470256997,-0.066466774,1.488274257,-0.088616917,-0.154174503,1.502843673,1.117319092,1.178892424,0.182589646,-0.68402834,-0.307148834,0.962662147,0.176458401,1.222699765,0.974096878,151
151,0.336646334,-1.311420592,1.286922041,-0.662681951,1.14699788,-1.444894311,1.032092476,0.289454189,-1.838227927,0.821975601,0.845993521,-0.682252163,-0.952393646,0.92799049,1.519841615,-0.446652685,152
152,0.089155445,-0.096524923,0.458125259,-1.160655001,0.086812573,1.216150864,0.337354695,0.200478092,-1.212218365,0.100816546,-0.624043001,0.435417274,0.800488259,0.313293234,0.282758442,-0.796320143,153
153,1.231651724,2.369719908,-1.45202829,0.358774234,-0.295005034,-0.511171137,-0.581434246,-0.226224485,-0.772288901,0.762868775,0.884743296,0.250775217,0.802941518,0.406071646,-1.551473233,-0.862691905,154
154,0.783581665,0.890626476,0.077342277,-0.194846384,0.512332939,1.128538757,1.244994894,1.193177445,-0.350078968,-0.079096091,0.226134143,2.255961745,-0.771064301,-1.121584015,-0.4712982,-0.714395666,155
155,0.040585013,-0.252183161,0.559895273,-0.295282008,0.283313635,-0.419643268,0.690653149,-0.456131413,1.681213501,0.657962825,-0.561093103,-0.633142144,-2.159200371,-0.586500578,0.584866968,0.975371647,156
156,-1.153631278,-0.865763755,-0.07494657,0.496640424,0.384543716,-0.212739735,-0.417081729,-0.662115621,-2.290655613,-0.522582629,-0.548088166,0.121634123,-0.148960788,0.337196754,-1.019230639,-0.079010701,157
157,2.106869323,0.582586,0.782697698,0.484912788,1.004804339,-1.02066078,-0.489816014,0.209490966,-0.004754307,-0.875358162,0.330497185,-0.927705602,-0.386030708,0.488670338,-0.068561665,-0.619558263,158
158,-0.015480813,-0.012529347,-0.172668564,0.018784501,-0.285965791,-3.082363618,-0.242281385,0.201259903,-0.2034548,-0.604894535,-0.753474307,-0.875632663,-0.526813646,-0.365247902,-0.642465325,1.312069838,159
159,-0.411050755,-0.374854762,-1.051293778,0.634774565,-0.237339891,1.646143363,-0.153078892,1.99883064,0.699863428,1.391125793,1.16513796,-0.269017211,1.465568584,-0.339786613,0.775554207,0.076592616,160
160,0.272054192,0.317885735,0.729451279,0.754444088,-0.203674367,-1.411214006,0.390395215,-0.057076331,0.301407326,-0.313213222,-0.278377708,0.682869143,0.035641528,-0.276574394,0.05096499,0.239757999,161
161,0.435388656,-0.488805635,0.262665243,0.833589035,1.072472006,2.565137631,0.890180929,0.803540155,-1.663313685,-0.433932651,-0.546895962,1.430435164,0.458915862,-1.967811426,-0.079491172,0.997734549,162
162,1.883223527,2.658658027,0.543657859,0.965761296,1.950277786,0.325593714,0.225088397,-0.044121274,-0.491325516,0.777692822,-0.279326004,-0.377348936,0.050041338,0.873394781,1.717859293,-1.138102596,163
163,1.696221513,1.680278205,1.041060298,1.293879968,0.964454067,-0.565537819,-1.67929164,1.53452555,-0.35981963,-0.285538467,0.212086403,-0.794411941,1.478823273,0.713876944,0.489829332,0.384707215,164
164,0.165738076,0.779584009,0.197506154,-0.136551021,1.038404588,0.698898676,0.360169527,0.566811332,1.669150437,2.521079402,0.182184147,0.260396142,0.676012674,0.753077073,-0.461808359,0.497359889,165
165,-0.59209689,0.71324052,-1.629578287,-0.440138688,1.768873604,0.880715097,1.109479734,0.649084336,0.941349201,0.60332979,-1.207440093,1.248038471,0.597211031,0.258337982,0.159953041,0.49502696,166
166,-1.139827128,-0.542881937,0.121040232,-1.227283914,-0.571650147,-0.227754971,-1.306214904,0.285925129,1.622805976,1.733835432,1.554547077,0.778845911,-1.471049666,-0.64942678,1.030633053,1.225440377,167
167,-0.104977917,0.885778374,-1.637421952,-0.23765307,-1.47028289,0.136300749,-1.888023325,-0.914628937,0.891115794,0.538407002,-1.737773272,-0.030964452,0.353478133,-0.257594379,1.130032727,-1.987110473,168
168,-0.93168575,-0.348594685,-0.531043106,-0.926858157,-1.110366445,1.843408233,0.793703174,-0.609244687,-0.53101501,-1.737361637,-0.379333079,-1.607829278,0.827618477,-0.202543523,0.446139843,0.796968796,169
169,-0.173297872,-1.008054578,0.953679792,0.411235356,0.254403389,-1.405391718,-0.384638164,0.557649808,1.020483188,1.26347319,1.131995752,-0.66020866,-0.066629108,0.761007527,0.123550542,-0.343921685,170
170,0.575573075,1.883182542,-1.720650662,-0.198864577,0.023344681,-0.04908307,0.514865992,-1.034427667,1.115284992,0.569851847,-0.02443501,0.927057562,2.250547337,-1.527547348,1.017838939,-0.89970054,171
171,-0.515795098,-0.928971079,0.10632062,-0.557449639,-2.715925295,0.794154507,-0.237384993,1.229823128,0.19559671,-1.032964008,-0.896385344,1.023586754,0.559071371,1.823483022,0.039870927,-0.066624358,172
172,0.207779494,-0.294196454,-0.608668497,-0.977157122,1.185289251,-1.414023515,1.74151053,-1.292256798,1.3485703,0.565584525,-0.390056923,-1.217079611,-1.004164434,0.039570983,0.858307701,-0.297209518,173
173,0.363133441,-0.614950271,-0.301196983,0.060735249,-0.219755198,-1.789927363,1.204177513,-1.184617891,0.135897719,0.983549854,-1.078648124,0.174986327,0.899908483,0.355913541,0.806473398,0.043654937,174
174,-0.568231536,-0.947075792,0.976202525,-0.59722948,-0.056672761,1.354397332,0.65597502,-1.144277303,1.554453184,-0.908270382,0.964569706,-0.653398932,0.151802686,-0.147435874,-0.67696362,0.257324539,175
175,0.159885759,0.59897515,0.456008669,-1.258948697,0.406564509,-0.747766705,0.83932595,0.092296358,-0.138896716,-1.292037549,0.756197921,2.015133813,-0.301307962,-2.096212959,-1.372732673,0.905876449,176
176,0.023562174,-1.523614882,1.294408067,-1.410047202,-1.30942995,-1.037452478,0.958668065,1.094144689,-0.120680238,0.772685635,-0.278710423,0.223503712,0.051190316,-0.183994369,0.673659048,-0.119588424,177
177,-0.831957328,-0.206189002,-1.133202206,1.101304079,-0.706691287,-0.036172136,1.13579957,-1.562430655,0.752278212,-0.765549224,-1.050274676,-1.285040275,0.291556325,1.703921486,0.556100894,-0.229456936,178
178,-1.015645081,-0.574295414,-0.869460351,-0.677242026,1.03389167,-0.554350606,-0.925763153,-0.40569949,0.331288063,0.773837632,-1.113884938,0.483457992,0.244785556,1.650853213,-0.393123793,-2.108012727,179
179,-1.357885801,-1.390166037,-0.754970292,-0.762173508,1.972760967,-0.558866752,1.59361722,0.073486353,-1.602345131,1.024200734,1.352246427,-0.479856056,0.082719939,1.342807242,-0.199665321,1.170833186,180
180,-0.931714266,-0.070417383,-0.12963535,-0.291748602,0.687525073,-1.419873383,-1.41596692,-1.585505278,-0.772824783,0.849142794,0.788628699,-0.362424041,-0.040389229,1.40143402,0.446776747,-0.734386453,181
181,-1.679570842,-0.43087953,-1.001801335,-0.575188529,0.73824255,-0.907959854,-2.148470041,-0.258303487,-1.122847123,0.199449127,-2.247880159,0.307533683,0.756686186,-0.120919688,0.685100824,-0.267543412,182
182,-1.060078581,-0.592225373,-0.819868279,-0.443941868,-1.708270232,0.847633095,-0.184970096,-0.197744288,0.390834599,-1.336344882,0.047877345,1.149452826,1.720534429,0.307722461,0.900553648,-0.738629165,183
183,0.224942478,0.98111616,-0.974552469,-0.312570444,1.052619791,0.4994631,0.63395339,1.038719037,-1.121380025,0.360678647,2.525078381,-0.962784803,-0.226413561,-0.520764278,0.472261039,-0.685817664,184
184,0.355675624,0.532409357,0.604309409,-0.603004426,1.123239109,-0.637825518,0.402342137,0.667308112,-0.066534534,0.139099351,-1.016402099,2.51607414,0.10952391,0.251365867,0.332653999,0.906097949,185
185,-0.356890492,-0.090456124,0.548787588,-1.09393472,-0.354592006,2.415505148,0.588949745,-1.309604286,0.995625467,-0.833698289,-1.720653337,0.922189547,0.538242157,1.010155692,0.953546268,2.26095326,186
186,1.146975882,0.156490492,0.916432657,0.714706191,0.188238853,1.480908125,0.108808268,-1.140005277,-2.288000228,-0.165219145,-2.251953936,-1.7932031,0.077257403,1.13567866,0.749919177,1.234677337,187
187,-0.016128894,-0.737311691,2.661566367,-0.108812263,0.923800027,-0.738981759,-0.597642161,-0.748624469,-0.136758223,-1.051875795,-0.223295382,-1.587110423,-0.461804184,-0.262285027,0.303354714,1.3543494,188
188,-0.733417628,-0.201341206,-0.180257065,-1.443797935,2.152700843,-0.097765133,0.148902158,-2.114039099,0.820796987,0.201068278,-0.767450613,-0.04285047,0.76599536,-1.503257311,0.221734993,0.083696265,189
189,1.021435884,1.102176595,0.685014766,0.806123264,-1.109739343,-3.236385732,1.811480863,-1.169804169,-0.979435961,-1.971229024,0.929763401,-0.259892567,1.669878771,0.925970028,1.395814063,0.163520789,190
190,0.312633221,-0.016748256,3.266414519,-1.739835078,1.029508222,0.957063658,-0.271064093,0.803537215,0.67116764,-0.311029855,-1.290008417,0.387522763,0.908991946,1.271909144,2.919638288,0.351157727,191
191,-0.05676093,0.161788634,0.56060046,-0.401320309,1.37715475,0.559334175,0.500359049,-0.40811502,0.702056738,0.457731534,-0.570331658,0.643742835,0.551367376,2.289362387,0.107093138,0.744798974,192
192,0.061069717,2.02476139,-0.069017297,-0.287582489,0.914811052,-0.497700713,0.497216117,0.753422401,-0.312232281,-1.713996145,0.96128165,-1.703471735,-1.230242358,-0.859077266,-0.066677885,-0.471346192,193
193,-1.236348214,-0.703694254,-0.972442936,-0.9384074,0.293623431,-0.19398031,1.228651798,0.796645366,-0.118990405,-0.817641995,-0.212036108,1.14521306,-0.180058823,0.065029672,-1.143123679,-0.172452017,194
194,0.186016689,0.960792384,-0.546586586,0.287667139,-0.151738625,0.086334935,-1.089333865,-0.759068152,0.224424832,-0.409473254,-0.533410636,-0.388666069,-1.385531041,1.063516808,-0.589357051,-0.144921522,195
195,-0.98689208,1.790485054,-1.688692328,-1.505401124,0.16489144,1.017507538,-0.371810022,-0.461154269,-1.123831574,1.108882624,0.002205478,-0.197546348,0.061680831,-0.326253323,0.478526485,-1.590491059,196
196,-0.458651464,-1.064165163,-1.572372699,1.519297013,0.868577431,-0.969918023,0.291790766,1.904376558,1.08174332,2.059115051,-0.346823573,2.592252087,-1.194685911,1.776473726,-0.540043275,0.734869562,197
197,0.800347912,0.017636546,-0.404987158,0.367409356,-1.078034493,1.066352402,-0.418050399,-0.348631968,1.261542624,-0.096136937,-0.485861799,1.287147093,1.217083068,-1.643429013,2.498485859,1.150781131,198
198,1.773410841,-0.389908629,0.319286418,1.699862409,-1.222331968,0.755509155,0.184774465,0.218830943,0.818226074,-1.125490655,0.216737308,-0.243945489,0.431058784,-0.782347338,-0.496727092,-0.842044974,199
199,0.488845461,-0.490832752,0.040427682,0.644196977,-0.711444696,-0.703252294,-0.250855312,1.144954562,0.519058165,0.050200606,-1.148486416,0.006219053,-0.456680962,0.015476041,-0.432610498,-0.861278455,200