,G,MP,PER,TS%,3PAr,FTr,ORB%,DRB%,TRB%,AST%,STL%,BLK%,TOV%,USG%,OWS,DWS,WS,WS/48,OBPM,DBPM,BPM,VORP
0,16.0,87.0,0.6,0.303,0.593,0.37,6.5,16.8,11.7,1.5,1.1,6.8,18.2,19.5,-0.4,0.1,-0.2,-0.121,-10.6,0.5,-10.1,-0.2
1,66.0,937.0,16.8,0.608,0.004,0.337,11.0,25.0,18.5,15.4,1.9,1.3,19.3,17.2,1.7,1.4,3.1,0.16,-0.6,1.3,0.8,0.7
2,59.0,1508.0,17.3,0.529,0.193,0.14,7.0,23.8,15.0,14.9,1.4,0.6,12.5,27.6,0.3,1.1,1.4,0.046,-0.6,-1.3,-1.9,0.0
3,24.0,656.0,14.6,0.499,0.346,0.301,1.4,14.4,7.7,18.6,1.8,0.5,9.7,29.5,-0.1,0.5,0.4,0.027,-0.7,-2.0,-2.6,-0.1
4,62.0,979.0,8.2,0.487,0.387,0.146,4.9,18.3,11.7,7.3,0.8,2.5,15.6,15.5,-0.4,1.2,0.8,0.038,-3.7,0.9,-2.9,-0.2
5,79.0,2238.0,11.5,0.543,0.489,0.141,1.3,11.3,6.1,13.3,1.4,0.3,9.1,17.0,1.6,1.6,3.1,0.067,-0.4,-0.5,-0.9,0.6
6,2.0,7.0,-4.9,0.0,0.667,0.0,15.9,15.4,15.7,0.0,7.2,0.0,0.0,19.2,-0.1,0.0,0.0,-0.251,-12.6,-0.7,-13.3,0.0
7,5.0,118.0,0.9,0.315,0.333,0.214,0.0,5.0,2.5,23.2,2.6,2.4,19.3,21.7,-0.5,0.1,-0.4,-0.169,-8.7,-1.9,-10.6,-0.3
8,70.0,2200.0,11.1,0.543,0.39,0.186,5.0,14.0,9.5,9.7,0.9,1.4,12.0,14.6,2.0,1.0,3.1,0.067,-0.4,-0.6,-1.0,0.5
9,45.0,430.0,20.6,0.592,0.075,0.555,13.6,25.2,19.3,11.0,1.8,2.8,15.4,21.7,0.8,0.6,1.4,0.156,-0.1,0.6,0.5,0.3
10,42.0,428.0,19.2,0.671,0.017,0.455,9.1,21.7,15.5,3.6,1.0,4.3,11.6,16.6,1.0,0.5,1.6,0.175,-0.8,0.0,-0.8,0.1
11,70.0,1943.0,17.1,0.523,0.017,0.32,7.2,21.7,14.1,13.5,1.9,3.1,11.3,21.6,1.3,2.0,3.3,0.082,-1.6,1.6,0.0,1.0
12,77.0,2530.0,15.9,0.557,0.409,0.221,2.9,14.2,8.6,18.5,1.6,1.6,11.8,20.5,3.9,1.7,5.6,0.106,1.4,-0.6,0.8,1.8
13,63.0,2131.0,11.4,0.541,0.577,0.145,1.4,9.1,5.2,12.3,1.8,0.7,10.1,17.6,1.0,1.7,2.7,0.061,0.2,-0.1,0.2,1.2
14,70.0,1422.0,9.8,0.512,0.484,0.157,2.1,14.0,8.1,5.3,2.5,3.6,12.6,13.0,-0.1,1.8,1.7,0.056,-2.2,2.5,0.3,0.8
15,58.0,902.0,7.6,0.464,0.205,0.215,4.0,11.8,7.9,7.9,1.7,1.0,11.6,11.8,-0.1,0.6,0.5,0.027,-4.0,0.4,-3.6,-0.4
16,35.0,692.0,11.8,0.551,0.454,0.219,2.6,6.9,4.7,16.1,1.3,0.7,15.5,22.7,0.1,0.2,0.4,0.025,-0.7,-3.2,-4.0,-0.3
17,74.0,1962.0,12.1,0.582,0.83,0.113,1.2,10.9,6.1,6.0,1.3,0.3,6.9,17.3,2.3,1.9,4.1,0.101,1.6,-1.7,-0.1,0.9
18,4.0,29.0,17.0,0.73,0.143,1.286,0.0,18.6,9.4,10.7,0.0,0.0,15.4,19.6,0.1,0.0,0.1,0.177,-0.6,-2.6,-3.1,0.0
19,4.0,7.0,35.9,0.6,0.0,0.0,32.3,17.0,24.8,0.0,0.0,13.4,16.7,38.5,0.0,0.0,0.0,0.099,-3.1,-5.8,-9.0,0.0
20,55.0,971.0,10.6,0.519,0.584,0.126,1.9,14.9,8.1,9.3,2.1,2.5,10.7,14.7,0.2,0.8,1.0,0.051,-1.6,0.4,-1.3,0.2
21,72.0,2471.0,23.1,0.576,0.324,0.28,2.1,15.1,8.7,21.0,3.4,2.0,12.6,30.2,4.2,3.8,8.0,0.156,3.5,1.2,4.7,4.2
22,5.0,45.0,-1.8,0.255,0.4,0.4,0.0,2.4,1.2,8.1,1.1,0.0,33.8,8.4,-0.1,0.0,-0.1,-0.103,-8.7,-1.4,-10.1,-0.1
23,14.0,72.0,1.8,0.252,0.533,0.133,4.7,10.9,7.8,9.2,0.0,2.4,11.2,11.2,-0.1,0.1,-0.1,-0.057,-7.2,-0.4,-7.5,-0.1
24,78.0,1404.0,14.1,0.574,0.372,0.247,1.3,9.4,5.3,20.9,3.2,0.4,13.9,12.7,2.3,1.1,3.4,0.116,0.8,-0.3,0.5,0.9
25,46.0,1151.0,14.3,0.657,0.0,0.503,12.2,26.9,19.4,6.6,0.7,1.9,20.5,10.6,1.9,0.8,2.6,0.11,-1.4,1.0,-0.4,0.5
26,52.0,1607.0,21.2,0.561,0.354,0.258,3.1,16.3,9.5,31.5,1.8,1.0,11.5,28.5,3.0,1.2,4.3,0.128,4.5,-0.7,3.7,2.3
27,62.0,1025.0,15.9,0.585,0.088,0.241,11.0,19.6,15.2,6.8,0.7,2.5,11.3,17.0,1.7,0.8,2.5,0.119,-1.3,-0.5,-1.8,0.0
28,68.0,1563.0,9.7,0.459,0.267,0.183,1.5,6.8,4.1,27.5,2.0,0.3,17.6,18.2,-0.8,0.5,-0.4,-0.011,-3.0,-2.3,-5.4,-1.3
29,1.0,2.0,0.0,0.459,0.267,0.183,0.0,0.0,0.0,0.0,0.0,0.0,17.6,0.0,0.0,0.0,0.0,-0.016,-5.6,-0.9,-6.5,0.0
30,69.0,1964.0,13.0,0.55,0.46,0.186,1.8,11.5,6.6,12.3,1.4,1.4,9.4,18.6,1.9,2.2,4.0,0.099,-0.1,-0.2,-0.4,0.8
31,50.0,584.0,10.4,0.459,0.265,0.108,2.9,11.6,7.3,21.9,1.9,1.4,13.4,16.3,0.0,0.6,0.6,0.052,-3.1,-0.2,-3.3,-0.2
32,53.0,897.0,9.3,0.478,0.52,0.157,2.1,13.2,7.7,13.2,0.9,0.4,8.8,20.0,-0.2,0.4,0.1,0.008,-2.2,-2.4,-4.6,-0.6
33,39.0,518.0,13.0,0.567,0.586,0.138,9.7,17.7,13.7,7.9,0.8,0.7,8.0,14.8,0.9,0.3,1.2,0.109,0.5,-1.5,-1.0,0.1
34,21.0,307.0,15.2,0.544,0.349,0.275,8.0,14.8,11.4,7.8,3.2,1.1,13.5,20.1,0.2,0.4,0.5,0.085,-0.1,0.1,0.0,0.2
35,78.0,1609.0,10.0,0.585,0.798,0.112,0.8,7.7,4.2,4.6,0.7,0.3,8.3,17.2,1.5,0.0,1.5,0.045,0.8,-3.7,-2.8,-0.3
36,49.0,1017.0,13.7,0.573,0.0,0.349,13.3,23.6,18.5,4.2,0.8,1.4,12.2,12.5,1.7,0.7,2.4,0.115,-1.6,-0.7,-2.3,-0.1
37,1.0,1.0,0.0,0.573,0.0,0.349,0.0,0.0,0.0,0.0,0.0,0.0,12.2,0.0,0.0,0.0,0.0,-0.001,-5.7,-0.1,-5.9,0.0
38,70.0,1366.0,18.0,0.589,0.398,0.267,4.5,23.8,14.2,10.1,1.1,2.1,9.0,21.2,2.6,1.2,3.8,0.133,0.6,-1.4,-0.8,0.4
39,32.0,648.0,22.8,0.576,0.262,0.133,2.1,8.0,5.1,38.1,1.5,0.5,8.8,25.9,2.0,0.3,2.3,0.167,5.3,-3.3,2.0,0.7
40,64.0,1085.0,14.8,0.563,0.089,0.275,10.8,18.7,14.8,11.0,1.2,1.5,14.1,16.5,1.5,1.2,2.7,0.12,-1.1,0.6,-0.5,0.4
41,64.0,2179.0,12.1,0.573,0.713,0.143,1.7,13.0,7.4,6.9,2.1,0.5,7.0,14.4,2.7,2.6,5.3,0.117,1.0,0.6,1.7,2.0
42,63.0,1050.0,9.0,0.553,0.439,0.267,4.2,8.3,6.2,7.9,1.5,0.2,9.9,11.3,1.0,0.7,1.7,0.079,-0.6,-0.4,-1.0,0.3
43,13.0,172.0,9.8,0.562,0.719,0.14,0.0,18.5,9.3,3.3,0.8,1.9,6.2,15.9,0.1,0.2,0.3,0.088,-2.0,-1.9,-4.0,-0.1
44,71.0,1955.0,8.4,0.584,0.63,0.116,0.5,7.3,4.0,6.5,1.2,1.1,7.7,10.5,1.6,0.7,2.3,0.056,-0.4,-1.3,-1.7,0.2
45,52.0,1020.0,13.1,0.499,0.094,0.198,0.6,9.3,4.9,29.0,1.4,0.1,13.4,20.6,0.4,1.1,1.5,0.072,-2.1,-1.6,-3.8,-0.5
46,9.0,29.0,9.5,0.337,0.091,0.182,15.9,27.2,21.6,5.0,0.0,0.0,0.0,18.5,0.0,0.0,0.0,0.03,-6.6,-3.1,-9.7,-0.1
47,22.0,273.0,8.7,0.514,0.132,0.231,8.2,10.4,9.4,4.6,1.9,0.9,15.9,18.9,-0.2,0.2,0.1,0.016,-3.9,-1.3,-5.2,-0.2
48,69.0,1535.0,15.4,0.618,0.265,0.27,4.7,11.0,7.8,25.1,1.6,0.8,16.4,13.7,3.5,1.2,4.7,0.147,1.3,-0.3,1.0,1.2
49,76.0,2546.0,17.4,0.569,0.369,0.178,2.4,15.6,8.9,11.6,1.3,1.1,7.2,23.2,4.3,2.5,6.7,0.127,1.7,-0.7,1.0,1.9
50,52.0,807.0,7.0,0.511,0.592,0.217,1.9,7.5,4.8,9.4,0.7,0.5,11.5,17.5,0.1,0.7,0.8,0.046,-2.3,-2.4,-4.6,-0.5
51,28.0,339.0,10.2,0.589,0.212,0.294,8.7,18.7,13.6,3.6,0.7,2.4,24.4,16.2,-0.1,0.3,0.2,0.026,-4.8,-0.6,-5.4,-0.3
52,56.0,1856.0,14.4,0.531,0.476,0.209,1.9,11.2,6.6,12.5,1.6,0.5,9.0,23.8,1.5,1.0,2.5,0.065,1.6,-1.9,-0.2,0.8
53,56.0,807.0,11.2,0.477,0.335,0.183,2.5,12.7,7.7,31.4,2.6,0.8,23.7,12.7,0.4,0.9,1.3,0.079,-2.3,0.1,-2.2,0.0
54,71.0,1205.0,10.5,0.502,0.326,0.293,7.3,14.4,10.9,5.3,1.6,3.7,10.8,14.6,0.4,1.1,1.5,0.061,-2.5,0.1,-2.4,-0.1
55,11.0,34.0,7.7,0.473,0.556,0.667,3.2,15.6,9.4,7.8,0.0,0.0,7.9,15.8,0.0,0.0,0.0,0.037,-3.8,-3.3,-7.1,0.0
56,78.0,2544.0,14.7,0.528,0.212,0.104,7.9,14.1,11.1,8.4,2.5,1.2,10.5,17.3,2.1,3.1,5.2,0.099,0.1,1.3,1.4,2.2
57,38.0,806.0,15.9,0.591,0.35,0.225,4.1,18.5,11.4,6.4,3.2,1.3,10.2,16.4,1.0,1.6,2.6,0.153,-0.3,2.2,1.8,0.8
58,77.0,1980.0,15.4,0.524,0.499,0.188,3.4,16.2,9.9,17.0,2.0,0.7,8.0,20.5,2.3,3.3,5.6,0.135,1.0,1.0,2.0,2.0
59,22.0,576.0,10.3,0.515,0.48,0.198,1.9,11.6,6.7,8.9,2.3,1.2,11.5,16.6,-0.1,0.5,0.5,0.038,-1.8,0.1,-1.7,0.0
60,59.0,728.0,7.0,0.532,0.692,0.063,2.8,3.9,3.3,3.2,1.6,1.2,6.3,10.3,0.5,0.5,1.1,0.07,-1.5,-1.3,-2.8,-0.1
61,79.0,2359.0,12.3,0.544,0.463,0.184,2.2,15.4,8.8,13.4,1.7,1.5,15.5,21.7,-0.3,1.9,1.6,0.032,-1.1,0.0,-1.1,0.5
62,48.0,474.0,14.9,0.589,0.078,0.478,14.4,19.9,17.1,3.8,2.1,4.7,18.7,15.9,0.6,0.9,1.4,0.144,-2.6,2.0,-0.5,0.2
63,78.0,2613.0,15.4,0.615,0.05,0.253,8.0,16.5,12.2,5.3,1.1,1.8,9.9,14.6,5.3,1.5,6.8,0.124,1.0,0.1,1.2,2.1
64,65.0,2142.0,17.7,0.541,0.085,0.24,6.1,10.6,8.3,7.2,1.5,1.5,6.7,24.9,2.7,0.8,3.5,0.077,-0.1,-1.8,-1.9,0.1
65,72.0,1651.0,12.3,0.546,0.148,0.096,2.4,11.5,7.1,24.7,2.6,0.6,20.8,13.8,1.2,2.4,3.6,0.105,-1.9,1.1,-0.7,0.5
66,50.0,428.0,10.5,0.554,0.322,0.099,6.9,13.4,10.2,2.6,0.6,0.8,7.3,14.2,0.5,0.3,0.7,0.084,-1.9,-2.7,-4.7,-0.3
67,73.0,2390.0,20.8,0.628,0.003,0.397,16.9,13.9,15.5,5.5,1.9,2.9,13.3,16.7,6.4,2.9,9.3,0.187,2.2,1.2,3.4,3.3
68,51.0,728.0,9.5,0.513,0.44,0.126,4.2,17.6,10.9,4.6,2.1,1.3,10.6,14.0,0.1,0.7,0.8,0.05,-2.8,-1.0,-3.8,-0.3
69,51.0,1631.0,28.2,0.675,0.58,0.35,2.7,14.4,8.9,30.2,2.4,0.4,13.3,31.0,7.2,1.9,9.2,0.27,9.8,-1.2,8.6,4.4
70,65.0,1773.0,9.1,0.483,0.418,0.264,1.8,13.2,7.4,8.2,2.6,0.6,11.3,16.4,-0.6,2.3,1.8,0.048,-2.6,1.2,-1.4,0.3
71,77.0,2217.0,16.0,0.526,0.508,0.323,1.9,10.3,6.1,35.1,1.4,0.8,11.6,20.3,4.2,1.3,5.5,0.118,2.1,-1.7,0.4,1.3
72,8.0,127.0,6.8,0.385,0.563,0.125,4.4,12.4,8.6,16.9,1.5,0.6,12.9,13.2,-0.1,0.1,0.0,0.01,-3.1,-0.5,-3.6,-0.1
73,60.0,1240.0,14.3,0.513,0.111,0.258,8.7,18.2,13.2,9.1,1.0,3.7,12.5,21.1,0.4,0.9,1.3,0.051,-2.7,0.0,-2.7,-0.2
74,69.0,1059.0,8.1,0.517,0.262,0.383,3.2,10.1,6.7,7.0,2.1,1.8,15.5,11.6,0.1,0.9,1.0,0.048,-2.6,1.2,-1.4,0.2
75,65.0,1283.0,13.7,0.526,0.332,0.244,1.9,11.9,6.8,29.3,1.9,0.5,16.4,17.5,1.1,1.0,2.0,0.076,-1.0,-1.2,-2.2,-0.1
76,68.0,1081.0,11.6,0.539,0.012,0.176,3.6,8.9,6.4,16.5,1.5,1.5,13.8,16.5,0.9,1.0,1.8,0.082,-2.5,-0.8,-3.3,-0.4
77,20.0,291.0,15.2,0.534,0.221,0.347,2.5,16.5,9.4,18.1,3.5,1.9,12.7,18.3,0.2,0.3,0.6,0.091,-1.3,1.5,0.2,0.2
78,50.0,686.0,10.2,0.506,0.387,0.17,2.0,10.1,6.1,16.3,1.8,0.2,12.2,15.5,0.3,0.9,1.3,0.088,-2.3,0.0,-2.4,-0.1
79,70.0,1455.0,14.5,0.553,0.414,0.268,1.8,9.9,5.9,15.1,2.7,0.8,13.8,19.5,1.3,1.9,3.2,0.105,0.0,0.4,0.4,0.9
80,41.0,385.0,14.4,0.5,0.147,0.229,6.0,14.0,10.0,6.4,1.2,0.7,3.1,22.3,0.3,0.2,0.5,0.064,-2.0,-3.8,-5.8,-0.4
81,73.0,2010.0,14.5,0.569,0.381,0.155,4.3,21.2,12.9,4.4,0.7,3.7,9.6,19.4,1.9,2.8,4.8,0.114,-0.9,0.5,-0.4,0.8
82,69.0,1049.0,4.0,0.448,0.689,0.25,3.7,11.0,7.4,2.4,1.0,0.2,10.8,8.7,-0.3,1.2,0.9,0.042,-3.8,0.3,-3.5,-0.4
83,48.0,537.0,9.5,0.475,0.5,0.238,0.6,14.9,7.7,11.5,0.8,0.6,10.3,24.6,-0.5,0.3,-0.2,-0.02,-3.7,-3.8,-7.5,-0.7
84,1.0,8.0,-4.6,0.266,0.0,2.0,0.0,0.0,0.0,15.8,0.0,0.0,34.7,16.4,0.0,0.0,0.0,-0.237,-14.8,-5.9,-20.7,0.0
85,69.0,817.0,11.1,0.526,0.251,0.222,5.2,15.5,10.4,6.0,1.3,0.9,10.3,15.5,0.4,0.6,1.1,0.063,-2.4,-0.9,-3.3,-0.3
86,61.0,729.0,17.8,0.644,0.022,0.482,12.6,25.3,18.8,7.2,1.5,8.2,19.0,12.8,1.3,1.3,2.7,0.177,-2.1,5.4,3.2,1.0
87,66.0,1725.0,12.6,0.592,0.706,0.194,6.2,15.4,10.8,5.1,0.7,1.0,7.5,14.4,3.1,1.6,4.7,0.131,1.1,-0.8,0.2,1.0
88,77.0,2801.0,25.0,0.528,0.194,0.339,5.4,25.3,15.0,49.4,2.5,0.6,16.4,34.3,5.5,4.3,9.8,0.168,5.2,3.0,8.2,7.2
89,52.0,1702.0,20.9,0.659,0.0,0.682,10.3,27.5,19.0,6.7,1.2,6.1,15.5,16.9,4.0,3.6,7.6,0.214,-0.3,4.5,4.2,2.7
90,54.0,1160.0,17.8,0.545,0.219,0.268,6.7,19.5,13.1,9.5,1.9,2.6,11.6,24.5,0.9,2.0,2.9,0.121,-0.8,1.0,0.2,0.6
91,65.0,1052.0,10.4,0.521,0.412,0.267,2.7,20.2,11.5,12.3,1.7,1.2,15.1,14.8,0.3,1.7,1.9,0.087,-2.7,1.7,-1.1,0.2
92,64.0,1811.0,17.3,0.55,0.074,0.436,5.8,19.8,12.7,14.2,1.6,1.7,11.5,22.6,2.3,1.8,4.1,0.108,-1.1,0.9,-0.2,0.8
93,29.0,385.0,9.3,0.504,0.559,0.441,1.4,7.2,4.3,15.5,3.3,1.4,20.4,10.0,0.1,0.4,0.5,0.059,-1.9,0.9,-1.0,0.1
94,12.0,203.0,4.1,0.427,0.577,0.127,0.0,8.2,4.1,7.1,0.7,1.2,9.6,18.0,-0.3,0.1,-0.3,-0.06,-5.0,-2.7,-7.7,-0.3
95,15.0,258.0,12.4,0.623,0.484,0.094,3.5,8.3,5.9,6.9,1.6,0.7,5.7,12.3,0.4,0.3,0.7,0.131,0.3,-0.6,-0.3,0.1
96,58.0,1576.0,14.4,0.545,0.447,0.162,1.6,9.8,5.8,9.7,1.4,0.6,8.1,24.6,1.1,1.4,2.5,0.077,0.2,-2.2,-2.1,0.0
97,64.0,1690.0,14.7,0.552,0.022,0.14,8.2,10.2,9.2,12.3,0.4,2.8,13.5,20.4,1.2,0.8,2.0,0.057,-1.6,-0.2,-1.9,0.1
98,76.0,2408.0,12.8,0.562,0.656,0.162,2.5,15.3,9.1,8.7,2.6,2.2,12.3,17.5,1.5,4.2,5.7,0.113,0.4,2.0,2.4,2.7
99,73.0,2185.0,15.0,0.533,0.33,0.307,2.2,15.2,8.8,28.3,2.6,0.4,18.3,22.8,1.2,3.5,4.7,0.103,-0.1,1.5,1.3,1.8
100,44.0,668.0,16.8,0.566,0.144,0.236,8.6,22.0,15.5,12.8,1.3,3.2,8.4,16.7,1.3,1.1,2.4,0.175,-0.5,1.9,1.4,0.6
101,20.0,163.0,6.3,0.499,0.259,0.259,1.4,10.4,5.9,12.0,0.6,0.5,14.3,9.3,0.1,0.0,0.1,0.028,-3.8,-2.1,-5.9,-0.2
102,41.0,1084.0,15.5,0.516,0.294,0.231,2.7,9.3,5.9,32.1,1.1,0.3,14.3,27.4,0.7,0.9,1.6,0.069,0.5,-2.1,-1.6,0.1
103,62.0,1732.0,13.6,0.615,0.515,0.09,1.7,8.3,4.9,8.4,1.4,0.7,7.6,15.7,2.8,1.5,4.3,0.118,1.3,-0.6,0.7,1.2
104,79.0,1324.0,13.2,0.492,0.41,0.08,2.0,11.1,6.4,22.9,1.8,1.0,11.5,20.4,0.9,1.3,2.2,0.08,-1.1,-1.8,-2.8,-0.3
105,39.0,478.0,12.3,0.554,0.313,0.224,1.7,9.4,5.6,23.2,1.2,0.7,16.5,18.3,0.4,0.5,0.9,0.094,-1.7,-1.3,-3.1,-0.1
106,28.0,212.0,9.3,0.546,0.661,0.107,1.6,9.9,5.8,8.7,1.2,1.2,9.3,13.8,0.1,0.1,0.2,0.05,-1.9,-2.9,-4.7,-0.1
107,27.0,391.0,10.8,0.473,0.224,0.483,1.7,9.1,5.5,26.5,1.8,0.4,17.6,19.2,0.0,0.3,0.3,0.031,-3.2,-2.0,-5.2,-0.3
108,61.0,1591.0,14.9,0.519,0.303,0.094,2.0,14.4,8.4,41.6,1.8,0.5,22.6,16.8,1.7,1.5,3.2,0.095,-0.6,-0.9,-1.5,0.2
109,29.0,597.0,13.4,0.6,0.41,0.102,1.6,10.1,6.2,16.7,0.9,0.1,10.8,17.7,1.0,0.4,1.4,0.11,0.7,-2.7,-2.0,0.0
110,23.0,196.0,4.0,0.398,0.449,0.347,4.2,10.7,7.4,6.3,2.0,0.9,16.3,15.0,-0.3,0.1,-0.2,-0.046,-6.1,-0.6,-6.6,-0.2
111,66.0,1270.0,7.5,0.51,0.797,0.173,3.1,17.2,10.1,5.9,1.1,1.6,14.1,14.3,-0.4,1.0,0.6,0.024,-2.5,-0.3,-2.8,-0.2
112,54.0,824.0,5.2,0.444,0.47,0.111,1.6,15.9,8.5,8.0,1.2,1.6,14.9,15.2,-1.2,0.6,-0.6,-0.033,-5.5,-0.3,-5.8,-0.8
113,34.0,1008.0,18.2,0.564,0.258,0.36,6.3,18.3,12.3,14.6,1.9,3.3,12.9,22.4,1.5,1.0,2.5,0.12,0.6,0.8,1.4,0.9
114,76.0,2779.0,18.4,0.566,0.447,0.3,2.7,15.0,8.7,14.7,2.8,1.2,12.3,25.6,4.5,3.8,8.3,0.143,2.3,0.1,2.4,3.1
115,74.0,1753.0,19.0,0.54,0.189,0.331,7.9,30.3,19.0,20.0,0.6,3.7,13.3,20.7,2.6,3.2,5.8,0.158,-0.2,3.3,3.1,2.3
116,79.0,2018.0,12.1,0.562,0.606,0.178,1.4,7.0,4.1,16.1,1.3,0.5,12.4,17.8,2.1,2.1,4.2,0.099,1.0,-1.3,-0.2,0.9
117,79.0,1234.0,9.7,0.545,0.638,0.165,2.7,14.5,8.4,5.8,1.9,1.7,10.3,10.8,1.0,1.4,2.4,0.092,-1.8,0.3,-1.5,0.2
118,57.0,961.0,7.4,0.477,0.356,0.151,2.0,7.1,4.8,10.6,2.2,0.8,14.6,12.8,-0.3,0.9,0.6,0.031,-2.9,-0.4,-3.3,-0.3
119,11.0,334.0,12.3,0.53,0.504,0.143,5.4,9.4,7.4,13.8,2.6,1.2,16.5,19.6,0.1,0.3,0.4,0.057,0.4,0.3,0.7,0.2
120,78.0,1432.0,9.3,0.535,0.542,0.113,2.6,9.0,5.8,8.9,0.7,1.2,9.3,13.5,1.1,1.2,2.3,0.077,-0.9,-0.6,-1.5,0.2
121,77.0,1577.0,14.9,0.554,0.268,0.178,5.5,18.8,12.2,13.3,1.9,2.0,11.0,15.9,2.1,2.3,4.5,0.136,0.1,2.1,2.2,1.7
122,78.0,2170.0,8.4,0.537,0.692,0.145,4.6,17.4,11.0,4.6,1.8,0.9,13.3,10.3,1.0,2.8,3.8,0.083,-1.3,1.5,0.2,1.2
123,74.0,2349.0,18.4,0.601,0.357,0.145,4.7,18.0,11.4,10.0,2.4,1.4,7.1,18.4,4.9,3.0,7.9,0.161,2.5,1.1,3.6,3.3
124,53.0,740.0,15.5,0.632,0.106,0.333,4.9,23.9,15.1,9.5,1.2,2.0,13.5,16.3,1.2,1.0,2.2,0.143,-1.4,0.2,-1.3,0.1
125,14.0,121.0,4.5,0.423,0.0,0.75,6.5,26.1,16.6,2.0,0.4,1.3,19.0,9.4,-0.1,0.1,0.0,0.006,-7.4,-0.8,-8.2,-0.2
126,6.0,80.0,8.9,0.577,0.688,0.188,4.2,11.2,7.7,3.5,0.6,1.1,5.5,10.3,0.1,0.1,0.2,0.098,-1.5,-1.3,-2.8,0.0
127,70.0,1389.0,9.5,0.575,0.565,0.183,3.3,9.9,6.6,5.2,1.8,0.6,10.8,12.3,1.1,1.5,2.6,0.09,0.0,0.3,0.3,0.8
128,66.0,1003.0,8.4,0.496,0.489,0.11,1.5,10.8,6.2,11.5,1.6,1.2,14.5,18.9,-0.6,1.1,0.5,0.026,-2.5,-0.5,-3.0,-0.3
129,54.0,875.0,12.8,0.509,0.282,0.248,8.6,30.1,19.2,5.7,1.1,1.6,10.7,14.5,0.5,1.2,1.7,0.091,-3.4,0.3,-3.1,-0.2
130,54.0,1619.0,19.7,0.536,0.25,0.115,6.6,27.6,17.0,19.3,1.6,2.9,11.1,25.9,1.3,2.2,3.5,0.104,0.6,2.0,2.6,1.9
131,51.0,1352.0,17.8,0.567,0.525,0.21,4.1,24.0,14.1,8.7,1.4,2.2,8.0,23.2,1.6,1.5,3.2,0.113,0.9,-0.8,0.1,0.7
132,71.0,2288.0,24.4,0.607,0.279,0.317,9.2,27.7,18.4,29.2,1.8,2.1,15.8,24.1,7.3,2.6,9.9,0.208,4.8,2.1,6.9,5.1
133,37.0,459.0,9.1,0.554,0.669,0.165,0.7,12.6,6.6,10.1,0.8,0.5,13.4,15.5,0.1,0.2,0.3,0.035,-2.0,-1.8,-3.9,-0.2
134,6.0,60.0,2.4,0.362,0.611,0.167,1.8,8.0,4.7,11.0,0.0,1.6,9.4,15.7,-0.2,0.0,-0.2,-0.134,-6.0,-4.1,-10.0,-0.1
135,4.0,10.0,-4.6,0.0,1.0,0.0,0.0,33.5,16.8,0.0,0.0,0.0,0.0,8.7,0.0,0.0,0.0,-0.18,-13.8,-4.8,-18.6,0.0
136,61.0,1918.0,14.3,0.518,0.422,0.204,3.0,13.8,8.3,26.0,1.6,1.0,15.0,18.2,1.6,1.7,3.3,0.082,0.8,0.4,1.2,1.6
137,76.0,1307.0,10.1,0.562,0.669,0.123,1.8,7.5,4.8,3.5,1.3,0.4,7.3,18.0,0.7,0.9,1.6,0.059,-0.2,-3.4,-3.7,-0.5
138,13.0,72.0,13.8,0.666,0.0,0.421,8.9,20.7,14.6,8.6,0.0,0.0,23.7,17.6,0.1,0.0,0.1,0.08,-3.2,-2.8,-6.0,-0.1
139,30.0,472.0,16.2,0.558,0.01,0.267,11.0,29.1,19.8,6.3,3.3,4.1,18.1,13.8,0.4,1.0,1.3,0.137,-3.4,4.6,1.2,0.4
140,50.0,732.0,17.0,0.604,0.009,0.442,8.1,18.5,13.3,9.6,1.8,1.6,11.7,19.0,1.6,1.0,2.6,0.17,-1.2,0.6,-0.6,0.3
141,63.0,1286.0,12.9,0.598,0.49,0.13,4.2,19.1,11.6,8.6,1.7,1.0,12.0,14.3,1.7,1.0,2.7,0.1,0.8,-0.2,0.6,0.8
142,1.0,1.0,134.1,1.5,1.0,0.0,0.0,0.0,0.0,0.0,0.0,0.0,0.0,45.1,0.1,0.0,0.1,2.713,68.7,-14.3,54.4,0.0
143,5.0,19.0,-2.9,0.167,0.0,0.0,6.1,5.9,6.0,7.1,0.0,0.0,0.0,14.2,-0.1,0.0,-0.1,-0.141,-10.3,-2.2,-12.5,-0.1
144,61.0,1761.0,17.6,0.581,0.241,0.333,5.9,20.1,13.1,7.2,1.1,5.7,11.5,20.1,2.6,2.5,5.0,0.137,-0.6,1.9,1.4,1.5
145,72.0,1190.0,24.9,0.656,0.012,0.417,9.3,17.1,13.3,9.2,1.3,3.3,9.8,23.8,4.1,1.2,5.3,0.213,2.4,-0.1,2.3,1.3
146,10.0,159.0,13.5,0.623,0.789,0.0,2.2,14.8,8.5,9.5,1.3,0.5,10.9,18.2,0.2,0.1,0.3,0.09,1.6,-3.3,-1.7,0.0
147,1.0,2.0,-41.1,0.0,0.0,0.0,0.0,0.0,0.0,0.0,0.0,0.0,0.0,43.6,0.0,0.0,0.0,-1.063,-36.5,-12.7,-49.2,0.0
148,45.0,1134.0,11.7,0.564,0.644,0.128,1.6,10.5,6.1,26.2,1.0,0.4,20.3,18.2,0.9,0.5,1.4,0.061,0.7,-2.0,-1.3,0.2
149,52.0,888.0,10.7,0.57,0.0,0.328,9.6,18.5,14.0,7.3,0.9,2.9,23.7,13.1,0.1,0.7,0.8,0.042,-3.9,1.4,-2.5,-0.1
150,72.0,1320.0,13.7,0.608,0.313,0.14,3.7,15.8,9.8,8.9,0.8,0.7,12.8,19.8,1.4,1.0,2.3,0.085,-0.4,-1.7,-2.2,-0.1
151,50.0,984.0,14.6,0.599,0.526,0.203,6.0,18.3,12.2,7.0,1.5,2.3,11.0,15.8,1.4,0.9,2.3,0.112,0.0,0.2,0.2,0.6
152,36.0,687.0,13.9,0.469,0.305,0.262,2.0,12.2,7.0,29.5,2.0,0.8,12.0,25.1,-0.1,0.3,0.2,0.016,-0.8,-1.8,-2.7,-0.1
153,12.0,373.0,15.5,0.52,0.458,0.393,0.0,8.6,4.2,22.3,1.6,0.8,8.4,25.9,0.4,0.2,0.6,0.079,1.2,-3.4,-2.2,0.0
154,71.0,1778.0,12.6,0.534,0.004,0.296,4.9,13.2,9.0,6.0,1.3,1.5,7.6,16.4,1.6,1.5,3.1,0.083,-2.1,0.3,-1.8,0.1
155,52.0,835.0,10.9,0.446,0.258,0.389,4.7,13.4,8.9,19.5,2.6,2.3,16.2,16.6,-0.2,1.1,0.8,0.048,-2.6,2.0,-0.7,0.3
156,70.0,1582.0,17.7,0.557,0.101,0.195,6.3,21.5,13.9,12.4,1.0,2.2,14.1,26.8,0.9,1.4,2.2,0.068,-1.1,-0.6,-1.7,0.1
157,30.0,237.0,16.8,0.661,0.333,0.139,5.1,24.2,14.8,10.6,1.3,0.0,11.6,16.0,0.6,0.3,0.9,0.181,0.6,-0.3,0.3,0.1
158,69.0,1155.0,12.9,0.567,0.407,0.203,6.3,14.8,10.4,6.1,1.1,3.4,7.9,13.5,1.5,1.2,2.6,0.11,-1.2,1.2,0.0,0.6
159,59.0,1264.0,12.6,0.596,0.397,0.199,4.0,9.9,7.0,6.0,1.9,2.8,11.0,12.6,1.6,1.6,3.2,0.122,-0.2,2.0,1.8,1.2
160,37.0,702.0,8.7,0.506,0.517,0.168,2.2,8.4,5.3,27.3,1.0,0.0,23.1,13.4,0.3,0.2,0.5,0.034,-2.2,-3.6,-5.8,-0.7
161,3.0,11.0,-0.7,0.417,0.833,0.0,0.0,10.2,5.1,0.0,0.0,0.0,14.3,28.6,-0.1,0.0,0.0,-0.196,-8.6,-8.6,-17.1,0.0
162,70.0,1373.0,16.8,0.582,0.003,0.48,10.3,21.0,15.6,14.6,1.7,4.7,18.8,16.6,1.7,1.6,3.3,0.115,-1.0,2.6,1.6,1.3
163,75.0,1941.0,13.3,0.593,0.537,0.223,3.9,16.4,10.0,6.7,1.3,1.5,9.7,14.5,2.7,1.8,4.5,0.11,0.7,0.4,1.1,1.5
164,3.0,76.0,38.1,0.733,0.405,0.31,4.5,4.7,4.6,32.6,3.3,1.2,7.7,30.6,0.5,0.1,0.6,0.365,13.5,-2.9,10.6,0.2
165,8.0,52.0,10.9,0.697,0.0,5.333,9.1,29.3,19.3,4.8,0.0,1.6,23.0,11.4,0.1,0.0,0.2,0.143,-3.7,-2.0,-5.7,0.0
166,50.0,647.0,13.9,0.541,0.678,0.158,3.4,18.7,11.0,9.5,0.5,2.7,9.4,26.9,0.2,0.5,0.7,0.052,0.3,-3.0,-2.7,-0.1
167,3.0,74.0,5.8,0.302,0.25,0.313,1.5,8.0,4.7,24.9,2.7,0.0,14.2,12.9,-0.1,0.1,-0.1,-0.036,-5.8,-1.5,-7.3,-0.1
168,71.0,1501.0,10.8,0.504,0.401,0.319,5.1,22.8,13.8,8.1,1.6,3.8,16.6,17.9,-0.9,1.5,0.6,0.018,-3.5,1.3,-2.1,-0.1
169,69.0,1872.0,13.3,0.573,0.298,0.181,4.3,19.3,11.8,10.8,1.4,1.8,15.2,19.3,1.1,2.0,3.2,0.081,-1.0,0.6,-0.4,0.8
170,10.0,176.0,10.3,0.404,0.014,0.233,4.5,10.0,7.4,27.6,1.6,1.4,11.1,22.0,-0.1,0.2,0.1,0.025,-4.7,-0.5,-5.1,-0.1
171,71.0,1544.0,13.6,0.544,0.437,0.162,2.7,16.0,9.3,9.4,2.4,1.6,11.4,19.8,0.4,1.7,2.1,0.065,-1.1,0.2,-0.9,0.4
172,62.0,1353.0,10.1,0.5,0.424,0.298,1.1,12.0,6.4,21.6,2.8,0.8,18.8,19.4,-0.7,1.2,0.6,0.02,-2.3,-0.5,-2.8,-0.3
173,54.0,1614.0,10.8,0.479,0.483,0.258,3.0,9.8,6.4,23.9,2.2,1.2,18.4,19.5,-0.6,2.5,1.9,0.057,-1.6,1.2,-0.4,0.7
174,52.0,1398.0,14.8,0.547,0.385,0.255,3.4,18.7,11.2,8.0,1.2,0.7,8.8,23.0,1.2,2.1,3.3,0.115,-0.9,-0.5,-1.4,0.2
175,41.0,223.0,6.3,0.498,0.298,0.447,3.6,4.7,4.2,4.1,1.3,0.0,5.1,11.8,0.1,0.0,0.2,0.038,-2.0,-2.7,-4.7,-0.2
176,76.0,1838.0,14.0,0.581,0.508,0.216,1.1,7.1,4.1,11.9,1.6,0.4,10.1,20.3,2.2,1.2,3.4,0.089,0.7,-2.2,-1.5,0.2
177,78.0,1967.0,14.9,0.55,0.0,0.299,9.8,24.1,17.0,10.8,1.0,2.6,13.5,15.6,2.4,2.3,4.7,0.116,-1.5,1.9,0.4,1.2
178,72.0,2374.0,17.3,0.531,0.309,0.33,3.6,25.4,14.2,21.5,1.1,4.0,14.1,25.7,1.3,2.6,4.0,0.08,-0.2,1.7,1.5,2.1
179,62.0,1241.0,12.4,0.544,0.409,0.285,1.7,10.1,5.9,18.8,1.7,1.1,16.7,21.3,0.4,1.6,1.9,0.075,-0.9,-0.4,-1.2,0.2
180,60.0,778.0,8.5,0.457,0.571,0.071,1.1,8.1,4.5,15.4,1.1,0.9,10.3,24.2,-0.9,0.5,-0.4,-0.027,-2.1,-3.3,-5.3,-0.7
181,61.0,581.0,8.8,0.504,0.458,0.186,2.7,11.0,6.9,7.4,1.3,1.0,11.1,16.1,0.0,0.3,0.3,0.023,-2.8,-2.5,-5.3,-0.5
182,54.0,1014.0,10.7,0.519,0.435,0.323,1.0,10.0,5.5,23.5,1.7,0.5,16.9,16.9,0.4,0.6,1.0,0.047,-2.0,-1.6,-3.6,-0.4
183,46.0,1404.0,14.3,0.579,0.319,0.174,1.9,10.8,6.4,16.3,1.5,0.8,11.0,19.1,2.0,0.7,2.7,0.093,0.6,-1.8,-1.2,0.3
184,26.0,324.0,5.9,0.446,0.444,0.244,1.7,10.7,6.0,5.6,1.6,0.3,9.1,15.2,-0.2,0.1,-0.1,-0.018,-4.3,-2.2,-6.5,-0.4
185,1.0,13.0,5.5,0.5,0.0,0.0,0.0,0.0,0.0,10.1,3.7,0.0,33.3,9.8,0.0,0.0,0.0,-0.019,-7.2,-1.4,-8.6,0.0
186,69.0,1339.0,11.6,0.55,0.42,0.157,1.6,11.5,6.4,12.4,1.5,0.9,12.3,16.9,0.8,1.3,2.2,0.077,-1.4,-0.3,-1.8,0.1
187,49.0,708.0,10.2,0.587,0.72,0.104,1.1,14.1,7.6,6.6,0.6,0.8,7.9,14.9,0.6,0.4,1.0,0.067,-0.8,-2.1,-3.0,-0.2
188,2.0,8.0,-15.5,0.0,0.0,0.0,0.0,28.2,13.8,0.0,0.0,0.0,66.7,16.6,-0.1,0.0,-0.1,-0.443,-23.8,-2.1,-25.8,0.0
189,47.0,404.0,17.5,0.661,0.234,0.364,4.8,18.6,11.8,7.0,2.8,8.3,14.4,11.3,0.7,0.9,1.6,0.189,-0.7,6.2,5.5,0.8
190,58.0,1507.0,10.1,0.601,0.506,0.271,1.6,11.8,6.7,5.1,2.1,1.4,15.6,12.7,0.8,1.9,2.6,0.084,-1.4,1.3,-0.1,0.7
191,77.0,2527.0,20.5,0.575,0.391,0.36,1.8,6.7,4.3,26.5,1.6,0.6,13.1,29.9,5.6,1.3,6.9,0.131,3.9,-2.7,1.2,2.1
192,52.0,1780.0,12.5,0.444,0.523,0.126,4.2,17.3,10.8,29.0,2.4,2.0,18.6,17.4,-0.5,2.5,2.0,0.053,-0.8,2.4,1.6,1.6
193,78.0,2898.0,28.5,0.62,0.254,0.33,3.6,22.3,13.1,44.0,1.9,2.1,15.9,31.4,10.4,3.0,13.4,0.222,7.5,2.2,9.7,8.6
194,65.0,1949.0,15.3,0.551,0.466,0.188,3.9,23.6,13.4,6.2,0.9,1.8,8.1,21.7,1.5,1.6,3.2,0.078,-0.7,-1.2,-1.9,0.0
195,62.0,1367.0,20.3,0.613,0.031,0.338,12.3,21.6,17.0,8.8,3.0,2.1,10.0,15.8,3.5,2.2,5.7,0.2,1.2,2.4,3.6,1.9
196,10.0,70.0,3.0,0.354,0.375,0.0,4.8,0.0,2.3,18.7,0.0,0.0,11.1,16.7,-0.1,0.0,-0.1,-0.063,-5.4,-5.4,-10.7,-0.2
197,54.0,782.0,12.3,0.509,0.648,0.112,1.7,10.2,5.8,10.3,1.9,0.6,5.1,19.0,0.5,0.8,1.4,0.083,-0.1,-1.5,-1.6,0.1
198,70.0,1302.0,6.4,0.512,0.476,0.21,3.7,10.5,7.1,4.3,1.1,0.9,12.4,10.5,0.2,0.6,0.8,0.031,-2.1,-0.5,-2.6,-0.2
199,78.0,1747.0,12.4,0.501,0.321,0.173,3.7,21.2,12.6,18.4,1.2,0.8,15.1,21.8,-0.2,1.9,1.6,0.045,-1.9,-0.2,-2.1,-0.1
200,72.0,2416.0,25.2,0.573,0.07,0.303,10.8,17.1,14.0,11.5,0.8,3.0,6.9,29.1,7.3,3.4,10.8,0.214,3.1,0.3,3.4,3.3
201,60.0,1931.0,25.1,0.61,0.374,0.24,1.9,10.8,6.4,30.9,1.7,0.7,10.4,31.1,6.3,2.7,9.0,0.224,7.0,-0.6,6.4,4.1
202,12.0,59.0,5.9,0.43,0.238,0.619,1.8,17.5,9.4,4.8,0.8,0.0,10.1,21.6,-0.1,0.0,0.0,-0.03,-7.6,-4.2,-11.8,-0.1
203,73.0,1289.0,19.4,0.623,0.037,0.339,9.0,28.0,18.6,16.9,1.3,6.0,19.3,17.0,2.3,1.9,4.2,0.157,-0.2,4.2,4.0,2.0
204,74.0,2387.0,19.6,0.6,0.63,0.283,3.1,16.1,9.7,30.4,1.7,0.5,14.5,21.6,6.8,2.9,9.7,0.195,5.5,0.4,5.8,4.7
205,76.0,2383.0,14.4,0.551,0.418,0.201,4.0,17.4,10.7,9.2,1.0,1.1,10.8,22.5,1.7,2.3,4.0,0.08,-0.2,-1.1,-1.2,0.5
206,70.0,1516.0,13.5,0.651,0.779,0.149,0.7,10.8,5.8,8.0,0.9,1.5,9.1,16.1,2.8,0.6,3.4,0.107,2.2,-2.2,0.1,0.8
207,29.0,409.0,9.8,0.439,0.185,0.444,7.4,17.9,12.5,15.1,2.0,1.3,17.1,13.0,0.0,0.5,0.4,0.051,-3.8,2.2,-1.7,0.0
208,71.0,1906.0,15.7,0.579,0.13,0.326,4.7,17.8,11.2,14.7,2.9,2.5,16.3,13.5,2.2,3.7,5.9,0.147,-0.4,4.4,4.0,2.9
209,48.0,1553.0,20.4,0.539,0.256,0.309,4.5,18.1,11.3,6.3,1.1,6.4,8.4,31.0,1.4,1.8,3.2,0.1,-0.4,-0.2,-0.6,0.5
210,52.0,1525.0,14.5,0.488,0.201,0.173,1.6,14.3,7.8,33.3,3.3,1.6,17.3,24.7,-1.0,1.9,0.9,0.028,-1.4,1.4,0.0,0.8
211,71.0,1391.0,17.5,0.566,0.0,0.19,11.7,27.8,19.3,9.7,1.7,2.2,10.4,15.2,2.3,1.5,3.8,0.132,-0.9,1.2,0.4,0.8
212,69.0,2369.0,16.1,0.601,0.442,0.087,1.4,10.3,6.2,11.5,1.1,1.1,9.7,23.4,3.0,1.8,4.9,0.098,1.8,-2.2,-0.4,1.0
213,78.0,2857.0,17.4,0.579,0.327,0.282,1.7,15.2,8.5,17.6,2.0,0.6,11.8,24.5,4.4,2.2,6.6,0.111,1.6,-1.2,0.4,1.7
214,38.0,481.0,14.6,0.543,0.0,0.388,13.9,19.6,16.7,8.9,1.1,3.0,13.6,12.8,0.8,0.5,1.2,0.123,-1.8,1.4,-0.4,0.2
215,62.0,819.0,14.4,0.581,0.024,0.455,10.9,15.4,13.3,6.1,1.8,4.9,12.6,12.3,1.2,1.2,2.5,0.144,-1.1,2.2,1.1,0.7
216,56.0,1556.0,22.4,0.608,0.441,0.367,7.2,30.3,18.9,9.6,1.3,1.3,9.6,25.3,4.3,1.6,5.9,0.183,2.4,-1.4,1.0,1.2
217,64.0,2196.0,26.2,0.643,0.337,0.331,1.7,19.4,11.2,25.3,1.0,4.2,12.9,30.3,7.2,2.9,10.1,0.221,5.0,0.9,5.9,4.4
218,70.0,2377.0,13.5,0.57,0.523,0.25,2.6,14.4,8.5,9.3,2.1,0.5,9.9,16.9,2.8,2.6,5.4,0.109,0.9,0.4,1.2,1.9
219,65.0,1789.0,14.5,0.547,0.405,0.297,1.6,13.9,7.7,20.1,2.7,2.2,17.0,22.5,0.2,1.9,2.2,0.059,-0.6,1.1,0.4,1.1
220,32.0,461.0,17.4,0.552,0.007,0.345,16.7,20.8,18.7,5.8,1.3,2.4,11.9,18.2,0.9,0.4,1.3,0.13,-1.1,-1.2,-2.3,0.0
221,77.0,2663.0,20.7,0.571,0.441,0.307,1.2,8.8,4.9,27.5,1.6,0.8,10.3,27.5,6.3,2.0,8.3,0.15,5.1,-1.9,3.3,3.5
222,77.0,2121.0,12.2,0.539,0.465,0.299,3.1,15.5,9.3,6.4,1.7,1.4,8.8,19.4,1.6,2.2,3.7,0.085,-0.6,-0.5,-1.1,0.5
223,73.0,1720.0,18.0,0.615,0.44,0.27,5.6,21.4,13.5,18.8,1.8,1.7,17.0,21.6,2.8,2.6,5.5,0.153,1.8,1.4,3.2,2.2
224,1.0,3.0,-31.6,0.0,0.5,0.0,35.9,0.0,18.4,0.0,0.0,0.0,33.3,44.2,-0.1,0.0,-0.1,-1.005,-29.5,-11.9,-41.4,0.0
225,14.0,134.0,3.6,0.386,0.273,0.182,0.8,10.8,5.6,23.0,1.1,0.7,17.4,28.0,-0.5,0.1,-0.5,-0.166,-8.2,-3.3,-11.5,-0.3
226,15.0,137.0,2.9,0.375,0.279,0.176,1.5,10.5,5.9,22.5,1.1,0.6,17.9,28.4,-0.6,0.1,-0.5,-0.185,-8.7,-3.5,-12.1,-0.3
227,9.0,210.0,26.0,0.572,0.315,0.342,3.1,19.1,11.1,17.7,4.3,3.6,11.1,30.6,0.3,0.5,0.9,0.197,2.7,3.2,5.9,0.4
228,78.0,2770.0,24.8,0.645,0.249,0.351,9.3,30.9,20.0,10.7,1.1,3.5,10.8,22.9,9.8,3.1,13.0,0.225,4.3,1.0,5.3,5.1
229,75.0,1966.0,19.1,0.529,0.008,0.292,9.6,26.8,18.3,11.6,1.5,4.3,14.7,26.6,0.6,3.7,4.3,0.105,-2.7,2.7,-0.1,1.0
230,65.0,1587.0,11.5,0.498,0.271,0.208,4.2,20.4,12.3,13.0,1.6,1.8,12.8,16.2,0.3,2.3,2.6,0.078,-2.7,1.8,-0.9,0.4
231,1.0,4.0,19.8,0.5,0.0,0.0,0.0,0.0,0.0,0.0,12.5,0.0,0.0,22.1,0.0,0.0,0.0,0.149,-0.7,4.0,3.2,0.0
232,65.0,1413.0,9.8,0.53,0.429,0.09,2.1,12.9,7.2,7.3,1.0,0.8,8.4,14.4,0.6,0.5,1.0,0.036,-1.8,-1.5,-3.4,-0.5
233,69.0,2180.0,10.9,0.518,0.574,0.211,1.5,12.6,6.8,9.9,1.7,1.3,9.8,18.0,0.4,1.6,1.9,0.043,-0.9,-0.2,-1.1,0.5
234,36.0,485.0,11.9,0.523,0.486,0.197,4.9,13.9,9.6,7.3,1.4,1.0,6.6,18.8,0.4,0.6,1.0,0.103,-1.1,-1.4,-2.5,-0.1
235,20.0,106.0,6.7,0.635,1.0,0.286,0.0,24.0,11.7,19.5,0.9,1.6,43.2,5.7,0.0,0.1,0.1,0.059,-3.9,1.1,-2.8,0.0
236,78.0,2099.0,19.8,0.605,0.05,0.468,8.8,22.8,15.8,15.6,0.9,1.7,16.1,25.2,3.8,2.4,6.3,0.144,0.3,0.5,0.8,1.5
237,24.0,275.0,10.0,0.517,0.662,0.162,7.4,14.7,11.1,5.9,1.1,0.9,10.2,13.9,0.2,0.1,0.4,0.063,-0.9,-2.3,-3.2,-0.1
238,77.0,2788.0,17.4,0.566,0.288,0.193,2.3,10.9,6.8,24.5,1.9,1.7,13.6,23.2,3.6,2.6,6.3,0.108,1.6,0.2,1.7,2.6
239,3.0,12.0,3.5,0.25,0.0,0.0,28.1,8.8,18.1,0.0,0.0,0.0,0.0,14.4,0.0,0.0,0.0,-0.015,-6.0,-7.4,-13.4,0.0
240,78.0,2601.0,13.7,0.556,0.385,0.159,2.9,8.9,5.9,13.1,2.3,2.4,13.0,18.2,1.9,3.5,5.4,0.1,0.0,1.5,1.5,2.3
241,2.0,6.0,-12.5,0.0,1.0,0.0,0.0,0.0,0.0,0.0,0.0,0.0,0.0,7.6,0.0,0.0,0.0,-0.189,-9.8,-2.3,-12.1,0.0
242,76.0,1929.0,11.8,0.482,0.235,0.296,4.8,14.2,9.4,10.2,1.9,1.4,12.2,25.7,-1.8,1.2,-0.6,-0.016,-3.1,-1.3,-4.3,-1.1
243,67.0,979.0,5.3,0.413,0.628,0.111,4.6,14.0,9.1,2.7,0.8,4.0,12.1,9.4,-0.5,1.0,0.5,0.023,-4.7,0.7,-3.9,-0.5
244,59.0,1312.0,11.2,0.579,0.53,0.243,3.1,16.0,9.6,7.7,1.5,0.9,10.1,12.5,1.4,1.3,2.8,0.101,-0.8,0.3,-0.4,0.5
245,5.0,86.0,7.3,0.349,0.317,0.268,2.4,10.1,6.2,20.8,4.5,1.9,13.2,26.0,-0.3,0.1,-0.2,-0.118,-5.9,0.4,-5.4,-0.1
246,55.0,888.0,11.5,0.652,0.517,0.167,1.7,8.3,5.0,17.8,1.5,0.2,17.5,11.7,1.5,0.3,1.8,0.099,0.2,-2.0,-1.8,0.1
247,23.0,284.0,10.6,0.515,0.195,0.232,7.1,25.3,16.3,4.8,1.1,3.0,16.6,17.1,-0.1,0.5,0.3,0.056,-5.5,0.5,-5.0,-0.2
248,2.0,37.0,15.7,0.643,0.357,0.0,6.1,2.8,4.4,35.7,0.0,2.2,22.2,21.1,0.1,0.0,0.1,0.124,1.3,-4.7,-3.4,0.0
249,77.0,1819.0,16.7,0.543,0.337,0.202,3.3,9.2,6.3,19.4,1.5,0.3,10.8,26.6,1.9,1.1,3.1,0.081,0.9,-2.6,-1.7,0.1
250,53.0,774.0,18.7,0.646,0.017,0.235,9.2,19.2,14.6,17.2,2.1,5.7,18.9,13.8,1.7,1.4,3.0,0.189,0.4,4.0,4.4,1.3
251,69.0,2029.0,12.8,0.555,0.268,0.317,3.3,9.7,6.5,13.3,1.4,0.6,14.4,21.9,0.8,1.1,2.0,0.046,-1.0,-1.3,-2.3,-0.2
252,27.0,536.0,9.8,0.465,0.317,0.172,3.3,17.2,10.2,4.8,3.0,4.5,14.8,15.0,-0.6,0.8,0.2,0.022,-4.9,3.1,-1.8,0.0
253,74.0,1657.0,22.3,0.625,0.108,0.31,12.2,30.3,21.4,7.6,0.9,3.1,12.9,22.7,4.4,2.8,7.2,0.207,0.7,0.7,1.5,1.5
254,70.0,1069.0,13.0,0.573,0.45,0.171,5.5,19.5,12.6,5.9,1.1,0.9,6.5,15.6,1.6,1.5,3.1,0.138,-0.6,-0.3,-0.9,0.3
255,8.0,136.0,8.9,0.505,0.083,0.417,5.5,20.7,13.0,5.3,0.4,2.0,14.1,16.1,0.0,0.1,0.1,0.052,-5.6,-0.3,-5.9,-0.1
256,36.0,379.0,12.0,0.47,0.251,0.146,8.1,18.7,13.3,5.9,1.2,1.3,7.6,22.5,-0.1,0.4,0.3,0.037,-3.3,-2.1,-5.3,-0.3
257,39.0,1335.0,18.5,0.507,0.249,0.358,1.9,9.9,5.9,43.6,1.9,2.7,16.6,29.0,1.0,1.3,2.3,0.082,1.2,-0.2,0.9,1.0
258,72.0,1869.0,15.8,0.587,0.015,0.318,9.1,21.6,15.4,8.5,1.1,4.8,13.4,15.1,2.7,2.0,4.7,0.12,-1.3,1.8,0.5,1.2
259,71.0,1690.0,18.4,0.624,0.083,0.34,11.2,23.0,17.1,8.2,1.2,4.0,14.3,17.9,3.3,1.9,5.2,0.147,-0.3,1.7,1.4,1.5
260,52.0,523.0,16.5,0.542,0.027,0.242,13.1,22.8,17.9,11.6,0.9,0.5,13.8,20.4,0.6,0.7,1.3,0.121,-1.5,-0.2,-1.6,0.1
261,63.0,1912.0,22.9,0.573,0.203,0.442,8.4,29.8,19.5,18.2,1.0,4.8,15.6,33.5,2.3,3.9,6.2,0.156,0.2,2.6,2.7,2.3
262,6.0,38.0,11.7,0.521,0.167,1.0,18.7,12.4,15.5,0.0,2.6,0.0,18.8,12.7,0.0,0.0,0.1,0.079,-3.1,-4.6,-7.7,-0.1
263,50.0,520.0,10.2,0.522,0.351,0.17,2.4,10.8,6.7,9.8,1.3,0.2,12.0,17.9,0.1,0.4,0.5,0.044,-2.5,-2.2,-4.7,-0.4
264,51.0,1129.0,8.4,0.494,0.404,0.124,1.4,14.7,8.1,10.2,0.8,0.5,11.6,16.0,-0.2,1.2,0.9,0.04,-3.3,-0.4,-3.7,-0.5
265,78.0,2461.0,14.3,0.622,0.652,0.115,1.1,14.1,7.7,22.4,1.8,0.6,17.3,16.0,3.7,3.3,7.0,0.137,2.0,0.9,2.9,3.1
266,76.0,1916.0,13.0,0.626,0.576,0.169,2.8,11.3,7.0,9.6,0.9,0.7,12.1,16.7,2.7,0.8,3.6,0.089,1.1,-1.3,-0.2,0.9
267,74.0,1087.0,12.3,0.545,0.528,0.3,1.6,11.3,6.5,9.1,1.3,0.3,8.0,18.9,1.1,0.7,1.9,0.083,-0.5,-2.4,-2.9,-0.2
268,7.0,40.0,15.6,0.51,0.0,0.4,16.7,22.1,19.4,14.0,2.5,4.3,25.4,17.2,0.0,0.1,0.1,0.071,-2.3,3.3,1.0,0.0
269,56.0,2077.0,23.5,0.589,0.22,0.446,4.1,12.9,8.5,20.7,2.6,1.0,8.9,24.7,6.8,1.6,8.4,0.194,4.8,0.0,4.9,3.6
270,39.0,925.0,7.6,0.546,0.557,0.168,1.8,7.3,4.7,8.1,1.2,0.5,14.1,15.1,0.2,0.9,1.1,0.055,-1.8,-0.9,-2.7,-0.2
271,70.0,1574.0,14.5,0.531,0.37,0.387,2.0,9.6,5.7,30.6,1.8,0.4,13.3,17.3,2.4,0.9,3.3,0.1,0.0,-1.7,-1.8,0.1
272,1.0,25.0,16.0,0.597,0.167,0.583,0.0,0.0,0.0,27.3,0.0,0.0,16.6,31.3,0.0,0.0,0.0,0.087,-3.0,-10.4,-13.4,-0.1
273,77.0,1901.0,17.0,0.557,0.307,0.255,2.7,15.7,9.1,15.4,1.5,1.4,9.2,22.6,2.8,1.8,4.7,0.118,1.1,-0.2,0.8,1.4
274,1.0,5.0,10.4,1.0,0.0,0.0,22.4,0.0,11.2,0.0,0.0,0.0,50.0,17.5,0.0,0.0,0.0,-0.03,-2.3,-6.1,-8.3,0.0
275,78.0,1585.0,15.6,0.596,0.245,0.497,5.7,16.1,10.7,5.1,0.9,4.1,9.1,16.0,3.0,1.8,4.8,0.145,-1.1,0.2,-0.9,0.4
276,9.0,39.0,8.3,0.444,0.625,0.125,2.8,26.4,14.3,0.0,0.0,6.8,10.6,22.0,-0.1,0.1,0.0,-0.053,-9.1,-3.6,-12.7,-0.1
277,66.0,2166.0,16.1,0.55,0.286,0.303,1.2,9.4,5.3,30.5,2.2,0.9,16.8,20.4,3.0,1.3,4.3,0.095,1.4,-1.3,0.1,1.1
278,74.0,1715.0,14.2,0.571,0.269,0.371,3.8,11.5,7.7,8.1,1.1,1.6,9.5,19.5,2.5,0.8,3.3,0.092,-0.7,-1.6,-2.4,-0.2
279,78.0,2383.0,15.1,0.586,0.293,0.308,2.2,15.7,9.1,8.3,1.6,2.0,10.8,19.4,2.9,3.9,6.9,0.138,-0.6,1.6,0.9,1.8
280,6.0,98.0,6.9,0.452,0.29,0.0,2.3,16.0,9.1,10.8,1.0,0.9,16.2,16.5,-0.1,0.1,-0.1,-0.043,-5.9,-1.0,-6.8,-0.1
281,67.0,2062.0,13.3,0.556,0.376,0.287,3.6,14.3,9.0,8.4,1.6,1.0,12.0,21.0,1.0,3.2,4.2,0.098,-0.8,0.6,-0.2,0.9
282,48.0,778.0,7.2,0.421,0.213,0.194,1.3,10.4,5.9,17.8,2.2,0.6,13.8,17.7,-0.8,0.7,-0.1,-0.008,-4.3,-0.5,-4.7,-0.5
283,62.0,584.0,21.8,0.634,0.029,0.233,10.8,18.5,14.9,8.1,1.6,7.6,9.2,18.8,1.5,1.0,2.6,0.212,0.2,2.5,2.7,0.7
284,47.0,762.0,8.0,0.531,0.746,0.063,0.8,6.5,3.6,9.7,2.4,1.4,13.6,10.1,0.2,0.5,0.7,0.043,-1.5,-0.7,-2.2,0.0
285,31.0,276.0,8.2,0.444,0.277,0.17,7.4,13.9,10.7,7.6,0.5,3.8,11.7,21.9,-0.3,0.2,-0.1,-0.009,-5.1,-1.2,-6.3,-0.3
286,58.0,1483.0,11.2,0.487,0.193,0.167,1.5,11.9,6.7,31.3,1.2,0.2,19.9,16.5,0.3,0.7,1.0,0.032,-2.0,-1.6,-3.6,-0.6
287,68.0,1341.0,17.6,0.634,0.037,0.387,10.9,17.7,14.3,5.6,1.0,4.1,15.3,16.7,2.5,1.3,3.9,0.139,-1.1,1.2,0.1,0.7
288,73.0,1661.0,10.5,0.516,0.198,0.234,6.6,15.8,11.1,7.0,1.2,2.8,13.6,17.1,0.1,1.3,1.4,0.04,-3.1,0.1,-3.0,-0.4
289,3.0,9.0,-1.9,0.0,1.0,0.0,0.0,12.0,6.1,0.0,5.6,0.0,0.0,9.8,0.0,0.0,0.0,-0.141,-10.1,1.7,-8.4,0.0
290,45.0,626.0,8.7,0.554,0.682,0.264,1.3,13.4,7.3,16.2,1.7,1.2,17.5,10.1,0.4,0.3,0.8,0.058,-1.8,-0.2,-2.0,0.0
291,55.0,1542.0,14.0,0.53,0.26,0.227,10.8,24.4,17.4,8.3,1.1,1.5,12.4,17.9,1.3,1.3,2.6,0.081,-1.1,-0.2,-1.3,0.3
292,15.0,274.0,11.4,0.634,0.778,0.049,1.2,11.4,6.4,5.2,0.9,2.4,8.8,14.3,0.4,0.2,0.6,0.099,1.1,-1.0,0.1,0.1
293,3.0,18.0,7.5,0.508,1.0,0.286,0.0,11.6,6.0,0.0,0.0,4.6,11.3,21.1,0.0,0.0,0.0,0.023,-4.3,-4.4,-8.8,0.0
294,70.0,1873.0,15.9,0.575,0.308,0.26,3.6,17.2,10.4,22.7,1.9,2.2,17.1,19.0,2.2,2.8,4.9,0.126,0.1,1.9,2.0,1.9
295,69.0,2449.0,30.2,0.619,0.499,0.498,1.8,15.4,8.6,44.8,2.5,1.7,14.7,36.2,11.4,3.6,15.0,0.294,9.8,1.3,11.1,8.1
296,68.0,1540.0,11.8,0.592,0.391,0.314,5.3,11.1,8.1,6.7,1.5,1.1,11.6,13.6,2.0,1.1,3.1,0.096,-0.5,-0.4,-0.9,0.4
297,50.0,1013.0,8.2,0.489,0.508,0.082,1.4,9.5,5.6,23.0,1.3,0.3,21.0,13.7,-0.1,0.6,0.6,0.027,-2.6,-1.5,-4.1,-0.5
298,3.0,27.0,22.6,0.599,0.0,0.417,16.0,21.2,18.5,0.0,0.0,0.0,6.6,25.6,0.1,0.0,0.1,0.159,-3.1,-9.0,-12.1,-0.1
299,77.0,2414.0,16.2,0.577,0.414,0.238,3.6,9.7,6.6,16.3,1.6,0.9,13.0,22.9,4.0,1.2,5.1,0.102,1.8,-2.1,-0.2,1.1
300,76.0,1566.0,13.5,0.527,0.425,0.154,1.3,5.5,3.4,17.1,1.2,0.4,10.8,24.2,1.1,0.3,1.3,0.041,0.3,-4.3,-3.9,-0.8
301,78.0,1429.0,17.0,0.648,0.006,0.272,12.4,16.1,14.3,5.6,1.2,5.4,16.2,14.6,2.9,2.2,5.1,0.17,0.3,2.9,3.2,1.9
302,33.0,155.0,3.8,0.331,0.432,0.068,2.9,7.0,4.9,8.7,1.9,2.1,9.9,14.3,-0.3,0.2,-0.1,-0.036,-5.8,0.3,-5.5,-0.1
303,28.0,353.0,15.4,0.584,0.029,0.21,6.3,19.4,12.8,5.9,0.4,3.9,12.2,21.0,0.3,0.3,0.6,0.083,-3.7,-0.7,-4.4,-0.2
304,76.0,2007.0,10.3,0.531,0.506,0.226,3.1,11.4,7.3,6.9,1.5,0.8,9.5,16.9,1.0,1.5,2.5,0.06,-0.8,-1.0,-1.8,0.1
305,3.0,6.0,-2.3,0.5,0.5,0.0,0.0,0.0,0.0,0.0,0.0,0.0,33.3,21.4,0.0,0.0,0.0,-0.211,-10.5,-4.7,-15.3,0.0
306,27.0,621.0,17.3,0.559,0.254,0.164,5.3,16.4,10.9,13.7,1.6,1.4,10.0,23.3,0.7,0.5,1.2,0.094,0.1,-1.6,-1.6,0.1
307,76.0,2152.0,8.5,0.534,0.645,0.098,1.5,10.0,5.8,8.6,1.5,0.4,11.6,13.8,0.5,0.9,1.4,0.031,-0.6,-1.0,-1.6,0.2
308,67.0,2021.0,15.6,0.612,0.524,0.244,0.5,8.3,4.5,15.2,0.8,0.2,9.8,21.5,4.4,1.8,6.1,0.146,2.4,-2.5,-0.1,1.0
309,69.0,1603.0,17.8,0.545,0.454,0.148,1.0,13.3,7.0,45.1,1.1,0.2,16.3,24.9,2.3,1.1,3.3,0.1,2.4,-2.2,0.2,0.9
310,39.0,336.0,15.6,0.567,0.0,0.446,11.2,20.2,15.7,9.1,0.9,2.7,14.8,17.9,0.5,0.4,0.9,0.122,-2.6,0.2,-2.4,0.0
311,32.0,401.0,15.6,0.599,0.0,0.22,11.8,23.7,17.6,9.7,1.0,1.6,18.8,17.9,0.4,0.3,0.8,0.093,-2.3,-0.5,-2.8,-0.1
312,78.0,1966.0,15.0,0.517,0.115,0.151,1.5,10.8,6.1,28.0,1.5,0.9,11.1,20.7,2.0,2.0,4.0,0.098,-0.9,-0.6,-1.5,0.3
313,16.0,180.0,11.6,0.53,0.209,0.221,2.3,13.1,7.7,19.7,2.2,0.8,20.3,28.4,-0.3,0.2,-0.1,-0.035,-4.2,-1.3,-5.5,-0.2
314,32.0,862.0,12.6,0.508,0.447,0.311,2.2,6.3,4.2,27.0,0.8,0.3,16.6,28.8,-0.1,0.3,0.2,0.008,-0.9,-4.3,-5.2,-0.7
315,64.0,1086.0,11.2,0.499,0.195,0.379,2.3,6.8,4.5,27.0,1.4,0.8,15.5,19.7,0.4,0.4,0.8,0.035,-2.7,-2.5,-5.2,-0.9
316,20.0,422.0,13.5,0.539,0.482,0.372,1.5,10.1,5.7,26.7,1.8,0.2,15.4,18.9,0.5,0.1,0.6,0.072,0.1,-2.5,-2.4,0.0
317,14.0,276.0,6.4,0.48,0.448,0.259,2.9,13.6,8.3,8.1,1.6,1.2,19.9,13.0,-0.2,0.2,0.0,-0.006,-3.9,-0.1,-4.0,-0.1
318,10.0,28.0,23.2,0.558,0.0,0.667,20.4,16.1,18.2,0.0,1.8,9.5,14.7,21.8,0.1,0.0,0.1,0.177,-4.1,-1.4,-5.4,0.0
319,74.0,1096.0,12.9,0.614,0.008,0.523,13.7,17.0,15.4,6.9,1.7,3.2,24.4,15.6,1.0,1.4,2.4,0.104,-1.7,1.7,-0.1,0.5
320,72.0,1398.0,9.1,0.525,0.391,0.124,0.8,8.4,4.7,10.1,1.1,0.6,10.2,17.3,0.1,0.8,0.9,0.029,-2.2,-2.0,-4.2,-0.8
321,34.0,242.0,7.7,0.422,0.389,0.148,4.0,24.2,13.9,10.7,0.6,0.0,10.8,23.6,-0.4,0.3,-0.2,-0.033,-5.9,-2.4,-8.3,-0.4
322,51.0,1303.0,24.1,0.578,0.004,0.33,14.2,36.9,25.6,6.8,1.4,5.8,12.8,24.4,2.2,3.0,5.2,0.19,-2.1,2.4,0.2,0.7
323,75.0,2561.0,16.0,0.542,0.272,0.262,3.2,17.2,10.0,10.0,1.0,0.5,8.2,25.2,2.1,1.9,4.0,0.075,-0.6,-1.2,-1.8,0.1
324,31.0,182.0,10.5,0.543,0.689,0.378,9.2,15.4,12.4,11.1,0.6,0.9,17.3,15.6,0.1,0.2,0.4,0.101,-1.1,-0.4,-1.5,0.0
325,47.0,951.0,20.2,0.586,0.0,0.303,11.8,25.2,18.4,16.8,2.0,1.7,17.9,22.4,1.3,1.4,2.7,0.134,-0.5,1.9,1.3,0.8
326,75.0,1281.0,14.2,0.536,0.147,0.266,8.8,22.2,15.4,7.6,1.7,2.5,12.4,16.2,1.3,1.2,2.5,0.096,-1.3,0.6,-0.7,0.4
327,1.0,5.0,7.4,0.5,0.5,0.0,0.0,21.6,11.0,0.0,0.0,0.0,0.0,17.9,0.0,0.0,0.0,0.057,-5.9,-6.0,-11.9,0.0
328,73.0,2324.0,16.8,0.544,0.281,0.255,2.6,12.0,7.3,25.4,1.3,0.4,12.1,25.8,3.0,2.4,5.4,0.111,1.2,-1.1,0.1,1.2
329,19.0,241.0,8.9,0.443,0.322,0.119,3.8,8.4,6.1,7.2,2.3,0.4,3.1,11.9,0.1,0.2,0.3,0.058,-2.4,-0.4,-2.7,0.0
330,73.0,2698.0,27.7,0.603,0.099,0.465,6.8,25.1,16.0,23.7,1.9,3.3,11.6,31.3,8.6,3.5,12.1,0.214,4.2,1.8,5.9,5.4
331,7.0,64.0,7.4,0.53,0.833,0.111,1.7,10.7,6.1,6.7,1.6,0.0,9.6,14.8,0.0,0.0,0.1,0.043,-1.7,-1.8,-3.5,0.0
332,37.0,825.0,14.0,0.558,0.721,0.146,1.9,14.0,8.0,4.4,1.4,1.3,5.2,21.7,1.0,0.9,1.9,0.112,0.6,-2.3,-1.8,0.1
333,16.0,118.0,10.7,0.415,0.0,0.0,11.1,24.3,17.4,11.5,0.9,4.8,16.3,18.6,-0.2,0.1,0.0,-0.02,-6.3,1.3,-5.1,-0.1
334,7.0,18.0,15.0,0.394,0.375,0.25,12.8,18.8,15.8,26.7,5.6,0.0,18.4,27.3,0.0,0.0,0.0,0.008,-2.0,3.5,1.5,0.0
335,65.0,1783.0,13.2,0.581,0.399,0.273,2.6,8.9,5.7,14.9,1.6,1.3,13.2,16.4,2.3,0.8,3.1,0.083,0.3,-1.0,-0.7,0.6
336,19.0,149.0,7.6,0.414,0.319,0.064,6.1,11.7,8.9,12.4,1.0,1.7,5.8,15.3,0.0,0.1,0.1,0.021,-3.4,-1.7,-5.2,-0.1
337,65.0,2265.0,16.6,0.599,0.436,0.175,1.8,6.8,4.3,13.1,2.6,0.6,11.0,20.6,3.9,1.4,5.4,0.113,2.5,-1.6,1.0,1.7
338,65.0,1615.0,10.2,0.536,0.477,0.164,1.5,9.6,5.4,11.2,1.8,1.6,13.4,16.4,0.3,0.8,1.1,0.033,-1.3,-0.7,-2.0,0.0
339,12.0,69.0,6.5,0.446,0.625,0.167,3.3,13.6,8.6,6.0,1.4,1.2,7.2,17.2,0.0,0.1,0.0,0.034,-3.7,-1.6,-5.3,-0.1
340,73.0,1478.0,16.2,0.562,0.478,0.184,1.9,11.7,6.9,22.6,2.2,1.0,10.7,19.1,2.9,1.9,4.7,0.154,2.1,0.0,2.2,1.6
341,74.0,1566.0,6.5,0.429,0.313,0.15,2.3,9.2,5.8,19.8,1.9,0.9,20.5,17.0,-2.1,1.0,-1.2,-0.036,-3.9,-0.5,-4.4,-0.9
342,51.0,972.0,13.1,0.479,0.224,0.301,3.4,12.1,7.5,22.8,1.8,1.0,12.7,22.5,0.1,0.5,0.6,0.028,-1.8,-1.5,-3.3,-0.3
343,76.0,1755.0,14.0,0.542,0.38,0.281,2.7,14.4,8.4,10.8,1.0,0.9,7.9,20.3,2.0,1.3,3.2,0.089,0.0,-1.2,-1.2,0.4
344,75.0,1910.0,9.9,0.519,0.224,0.195,1.7,11.5,6.6,12.4,1.0,1.1,13.5,15.7,0.6,1.8,2.4,0.06,-2.4,0.3,-2.1,0.0
345,57.0,1837.0,15.6,0.577,0.418,0.216,1.4,9.5,5.4,14.8,1.3,0.7,9.8,23.3,2.5,0.9,3.4,0.089,1.6,-2.1,-0.4,0.7
346,78.0,2468.0,11.9,0.587,0.364,0.079,2.5,7.5,5.1,10.0,1.5,0.4,10.7,16.2,2.4,1.5,3.9,0.075,0.5,-0.8,-0.4,1.0
347,65.0,1627.0,14.5,0.555,0.414,0.216,7.6,17.5,12.6,7.6,1.7,1.2,9.7,18.4,1.9,1.7,3.6,0.106,0.0,-0.2,-0.2,0.7
348,63.0,715.0,13.0,0.511,0.0,0.26,11.0,27.4,19.0,13.5,1.7,5.7,25.9,9.3,0.4,1.4,1.9,0.125,-3.6,5.8,2.2,0.8
349,68.0,2127.0,15.3,0.58,0.623,0.251,1.3,7.6,4.5,11.6,1.0,1.1,10.8,24.8,3.0,1.7,4.7,0.106,1.5,-2.5,-1.0,0.6
350,70.0,2209.0,19.3,0.577,0.364,0.318,2.6,11.5,7.1,24.9,3.2,1.5,16.1,26.3,2.6,2.3,4.9,0.107,2.2,-0.4,1.8,2.1
351,71.0,1830.0,24.0,0.63,0.003,0.258,16.6,30.6,23.7,9.5,1.0,1.8,13.3,21.8,5.5,2.1,7.6,0.198,2.5,0.1,2.6,2.1
352,63.0,1237.0,11.6,0.476,0.281,0.246,2.4,11.3,6.8,24.6,1.6,0.8,16.2,24.4,-0.7,0.7,0.0,0.0,-2.5,-2.2,-4.7,-0.8
353,24.0,341.0,16.3,0.538,0.0,0.228,15.2,21.9,18.7,2.8,1.1,5.8,11.4,14.5,0.5,0.5,1.0,0.134,-2.8,1.2,-1.6,0.0
354,63.0,1808.0,16.6,0.538,0.138,0.252,3.8,12.8,8.3,34.9,2.2,1.0,18.5,21.8,1.4,1.4,2.9,0.076,0.1,0.0,0.1,1.0
355,59.0,783.0,15.3,0.566,0.009,0.487,9.4,11.4,10.4,9.1,2.7,7.8,12.5,9.2,1.3,1.7,3.0,0.185,-1.2,6.8,5.6,1.5
356,76.0,1439.0,15.8,0.61,0.003,0.387,13.9,28.6,21.3,4.0,1.1,2.9,15.8,12.2,2.6,2.4,5.0,0.168,-1.6,1.7,0.1,0.8
357,64.0,1476.0,15.5,0.506,0.163,0.281,3.8,14.7,9.3,23.7,1.9,2.6,15.5,26.1,-0.2,1.5,1.4,0.045,-2.1,0.5,-1.7,0.1
358,76.0,1587.0,18.7,0.661,0.173,0.43,8.9,21.1,14.8,8.1,2.0,1.7,10.6,15.4,4.4,2.0,6.4,0.193,1.1,1.6,2.7,1.9
359,78.0,2384.0,20.5,0.578,0.008,0.642,10.9,33.4,21.9,7.1,1.0,4.5,15.2,24.3,2.8,3.7,6.4,0.13,-2.0,1.7,-0.3,1.0
360,29.0,427.0,12.8,0.498,0.227,0.207,3.0,7.7,5.3,22.4,2.2,0.4,15.3,26.4,-0.2,0.4,0.3,0.029,-2.5,-1.7,-4.2,-0.2
361,53.0,713.0,5.8,0.431,0.224,0.13,0.6,18.6,9.4,7.6,1.1,0.2,10.2,13.7,-0.7,0.6,-0.1,-0.008,-5.5,-0.4,-5.8,-0.7
362,66.0,2171.0,16.4,0.555,0.409,0.28,4.1,21.1,13.2,29.1,2.0,3.2,21.8,17.1,2.8,3.4,6.2,0.138,0.6,2.9,3.5,3.0
363,79.0,1957.0,6.6,0.512,0.666,0.105,1.9,16.2,8.9,9.0,0.5,2.1,18.3,12.6,-0.9,0.7,-0.2,-0.006,-3.0,0.0,-3.0,-0.5
364,79.0,1724.0,10.5,0.579,0.42,0.164,2.6,10.2,6.3,6.6,0.5,0.8,9.4,15.0,1.7,0.6,2.3,0.064,-0.7,-1.7,-2.4,-0.2
365,18.0,344.0,6.3,0.468,0.595,0.155,5.0,13.0,8.9,7.0,1.0,1.0,15.1,14.0,-0.2,0.2,0.0,0.005,-3.5,-0.2,-3.7,-0.1
366,75.0,2512.0,16.5,0.541,0.407,0.209,2.2,10.1,6.2,19.2,2.2,0.9,12.7,29.0,1.2,3.5,4.7,0.089,1.2,-0.3,0.8,1.8
367,70.0,1711.0,17.3,0.57,0.054,0.346,10.5,25.3,18.0,12.6,1.0,1.5,15.7,21.7,2.4,2.1,4.5,0.125,-0.8,0.4,-0.4,0.7
368,77.0,1900.0,16.7,0.575,0.445,0.142,1.3,25.1,12.8,10.4,1.1,2.1,6.0,20.5,2.6,2.2,4.9,0.123,0.1,0.3,0.4,1.2
369,30.0,918.0,10.5,0.487,0.415,0.168,1.0,8.5,4.7,19.8,1.3,0.8,13.7,25.0,-0.7,0.9,0.1,0.006,-2.1,-1.9,-4.0,-0.5
370,78.0,2220.0,9.1,0.526,0.343,0.187,2.3,10.1,6.1,8.4,1.5,0.7,12.8,17.9,-0.3,1.1,0.9,0.018,-2.2,-1.3,-3.4,-0.8
371,58.0,841.0,16.7,0.624,0.0,0.23,9.0,21.7,15.2,7.3,0.8,3.9,10.1,15.4,1.7,0.8,2.5,0.142,-1.3,0.5,-0.8,0.3
372,59.0,1458.0,15.7,0.599,0.301,0.166,7.4,28.1,17.8,9.2,1.3,2.7,14.8,17.1,1.6,1.7,3.3,0.11,-1.1,1.5,0.4,0.9
373,67.0,1272.0,12.8,0.561,0.493,0.384,1.0,9.8,5.3,16.7,1.8,0.8,13.0,20.1,1.4,0.9,2.3,0.087,-0.3,-1.6,-1.8,0.0
374,54.0,1865.0,18.1,0.561,0.364,0.312,1.5,12.7,7.0,24.5,1.2,0.6,13.9,31.6,1.9,0.5,2.4,0.063,2.9,-2.4,0.5,1.2
375,2.0,9.0,-3.2,0.25,0.5,0.0,0.0,11.8,5.9,0.0,0.0,0.0,0.0,18.9,0.0,0.0,0.0,-0.192,-11.5,-6.7,-18.2,0.0
376,17.0,139.0,15.9,0.646,0.394,0.606,4.0,16.9,10.4,9.3,1.5,1.8,12.6,15.4,0.3,0.2,0.5,0.171,0.0,0.5,0.5,0.1
377,21.0,366.0,12.3,0.515,0.164,0.267,4.0,6.0,5.1,14.6,0.7,0.9,14.8,26.2,-0.1,0.0,-0.1,-0.01,-3.5,-4.0,-7.4,-0.5
378,19.0,245.0,10.3,0.488,0.346,0.462,9.6,7.8,8.7,5.1,0.8,4.4,10.1,12.7,0.2,0.3,0.4,0.081,-2.5,0.8,-1.7,0.0
379,73.0,2044.0,18.8,0.594,0.084,0.319,10.6,18.4,14.5,8.0,1.3,3.2,10.3,18.5,4.3,3.2,7.5,0.176,0.4,2.1,2.5,2.4
380,77.0,2095.0,12.1,0.527,0.513,0.071,2.4,18.3,10.0,17.8,1.5,0.5,11.8,17.5,1.0,1.6,2.6,0.059,-0.4,0.0,-0.5,0.8
381,67.0,1978.0,12.8,0.475,0.333,0.189,2.6,11.8,7.1,29.0,1.7,0.7,15.0,29.1,-2.3,1.7,-0.7,-0.017,-1.5,-0.7,-2.2,-0.1
382,67.0,2078.0,17.3,0.515,0.229,0.231,2.4,8.8,5.6,36.4,1.7,0.2,12.7,30.4,1.6,1.0,2.6,0.06,1.5,-2.2,-0.7,0.7
383,3.0,17.0,24.6,0.82,0.25,0.5,6.6,0.0,3.2,35.5,2.8,0.0,17.0,14.8,0.1,0.0,0.1,0.298,5.0,-4.0,1.0,0.0
384,73.0,2180.0,14.3,0.55,0.498,0.313,5.0,18.4,11.7,10.6,1.3,1.0,10.3,19.8,2.3,1.8,4.1,0.09,0.5,-0.2,0.2,1.2
385,48.0,1737.0,22.7,0.583,0.34,0.456,6.8,31.0,19.3,23.2,2.2,3.5,18.9,31.9,1.5,3.2,4.7,0.129,2.0,3.6,5.6,3.3
386,77.0,2616.0,21.3,0.558,0.202,0.399,2.4,10.4,6.5,24.8,1.6,0.6,9.5,29.7,6.8,2.6,9.5,0.174,2.9,-0.9,2.0,2.6
387,65.0,1339.0,16.8,0.577,0.342,0.261,3.8,11.5,7.7,19.8,2.5,2.0,14.2,17.2,2.4,1.9,4.3,0.153,1.3,1.6,2.9,1.6
388,78.0,1669.0,14.9,0.484,0.057,0.228,7.0,22.6,14.7,20.5,2.8,1.4,16.9,20.7,-0.3,3.3,3.0,0.085,-2.3,3.5,1.1,1.3
389,55.0,711.0,6.2,0.485,0.52,0.049,1.2,10.8,6.1,8.1,2.6,1.7,16.1,7.8,-0.1,0.7,0.6,0.037,-3.2,1.2,-2.0,0.0
390,73.0,2321.0,20.2,0.651,0.0,0.541,15.0,37.6,26.5,7.1,0.8,2.5,16.3,15.2,5.8,3.5,9.2,0.191,0.5,1.8,2.3,2.5
391,23.0,395.0,6.2,0.467,0.239,0.248,2.3,15.8,9.1,14.1,1.9,2.2,25.8,18.0,-0.9,0.4,-0.5,-0.06,-6.6,1.1,-5.5,-0.3
392,70.0,1928.0,11.2,0.477,0.188,0.242,1.6,9.7,5.5,24.5,1.8,1.0,16.1,23.2,-1.5,0.9,-0.6,-0.015,-2.8,-1.6,-4.4,-1.2
393,18.0,195.0,5.2,0.386,0.492,0.169,1.1,16.8,8.8,6.5,2.5,0.8,9.9,15.3,-0.3,0.1,-0.2,-0.047,-5.6,-0.5,-6.1,-0.2
394,74.0,1067.0,14.2,0.587,0.691,0.136,1.9,13.9,7.8,10.4,1.2,2.2,8.4,17.4,1.6,1.5,3.1,0.137,1.3,-0.2,1.1,0.8
395,69.0,947.0,21.4,0.609,0.022,0.209,7.7,18.5,13.5,20.4,2.3,6.0,16.4,22.0,1.7,1.7,3.5,0.175,0.0,3.4,3.4,1.3
396,2.0,6.0,31.4,0.931,1.0,2.0,0.0,0.0,0.0,0.0,0.0,0.0,21.0,35.8,0.1,0.0,0.1,0.464,11.9,-9.4,2.5,0.0
397,66.0,1529.0,12.8,0.561,0.121,0.532,5.4,16.2,10.6,9.4,1.8,1.7,13.1,15.0,1.4,1.4,2.8,0.087,-2.2,1.2,-1.0,0.4
398,65.0,1929.0,18.9,0.613,0.327,0.235,2.1,7.6,4.9,26.3,2.3,0.7,11.2,17.4,5.6,1.8,7.3,0.182,3.2,-1.0,2.2,2.0
399,19.0,141.0,8.4,0.559,0.489,0.064,2.4,9.6,6.0,9.3,2.8,1.8,23.7,19.5,-0.2,0.1,0.0,-0.012,-3.5,-1.1,-4.6,-0.1
400,78.0,1847.0,9.4,0.619,0.746,0.131,1.0,7.9,4.6,7.7,0.6,0.7,10.1,12.8,2.1,0.8,2.9,0.075,0.6,-1.7,-1.1,0.4
401,74.0,2229.0,16.1,0.587,0.447,0.239,7.5,16.7,12.3,13.0,1.1,0.7,13.4,20.9,3.7,2.8,6.5,0.14,1.7,-0.1,1.6,2.0
402,10.0,148.0,21.9,0.63,0.203,0.356,1.6,11.4,6.5,32.9,2.0,0.6,15.0,24.4,0.4,0.2,0.6,0.21,2.2,-1.1,1.1,0.1
403,70.0,1499.0,9.7,0.542,0.474,0.149,5.1,14.5,9.9,4.1,1.2,1.4,8.1,11.5,1.0,1.2,2.2,0.071,-1.5,-0.1,-1.6,0.2
404,67.0,1742.0,11.5,0.51,0.572,0.114,2.6,12.9,7.7,9.0,1.7,3.8,11.0,16.5,0.1,2.8,3.0,0.081,-1.0,2.3,1.3,1.5
405,21.0,671.0,13.9,0.545,0.434,0.34,1.5,14.8,8.3,8.9,0.9,1.2,8.1,20.6,0.8,0.4,1.3,0.091,0.0,-1.3,-1.3,0.1
406,63.0,936.0,16.2,0.616,0.249,0.348,10.7,21.2,16.1,9.1,1.6,4.3,17.2,15.5,1.6,1.9,3.5,0.18,-0.8,3.5,2.7,1.1
407,44.0,1124.0,15.5,0.506,0.398,0.209,2.7,14.2,8.4,35.6,1.4,1.1,16.2,30.7,-0.4,0.8,0.4,0.017,0.8,-1.0,-0.2,0.5
408,40.0,356.0,8.9,0.489,0.409,0.13,2.2,15.2,8.7,9.2,1.0,0.2,9.7,16.5,0.0,0.2,0.2,0.022,-2.7,-2.1,-4.9,-0.3
409,12.0,321.0,12.9,0.496,0.387,0.21,3.1,15.7,9.4,11.7,2.6,0.3,7.8,19.2,0.1,0.3,0.4,0.057,-1.4,-0.2,-1.5,0.0
410,19.0,152.0,4.9,0.405,0.462,0.103,3.8,8.1,6.0,7.8,0.7,0.6,10.9,13.4,-0.1,0.1,-0.1,-0.019,-4.3,-2.1,-6.4,-0.2
411,70.0,2558.0,25.1,0.594,0.444,0.383,2.6,10.9,6.8,30.9,1.5,0.9,11.1,30.4,9.5,2.6,12.1,0.227,7.6,-0.8,6.8,5.7
412,11.0,54.0,10.7,0.765,0.0,0.4,9.0,11.6,10.4,0.0,0.0,2.9,20.3,12.0,0.1,0.0,0.1,0.102,-2.6,-3.8,-6.4,-0.1
413,29.0,159.0,16.6,0.575,0.0,0.513,10.8,13.0,11.8,7.3,1.9,4.6,5.9,13.7,0.4,0.2,0.6,0.18,-0.9,1.3,0.5,0.1
414,21.0,69.0,9.1,0.638,0.357,0.143,1.7,13.6,7.7,6.2,1.4,1.2,21.2,12.4,0.0,0.0,0.1,0.038,-3.5,-1.7,-5.2,-0.1
415,71.0,1679.0,15.4,0.613,0.512,0.359,1.9,8.3,5.1,24.1,1.5,0.0,16.1,18.4,3.2,0.8,4.0,0.115,1.6,-2.4,-0.8,0.5
416,51.0,856.0,12.3,0.619,0.005,0.346,8.8,16.7,12.6,8.6,0.6,1.1,17.5,13.4,1.1,0.5,1.6,0.088,-2.3,-0.2,-2.5,-0.1
417,73.0,2226.0,12.9,0.56,0.366,0.171,1.4,9.1,5.3,11.4,1.8,0.6,9.6,16.9,2.5,1.2,3.7,0.079,0.7,-0.7,0.0,1.1
418,78.0,2108.0,11.2,0.505,0.315,0.161,2.1,11.6,6.9,15.9,1.8,0.7,11.2,14.6,1.3,1.9,3.3,0.074,-1.1,0.1,-1.0,0.6
419,69.0,1121.0,11.1,0.535,0.331,0.297,3.7,10.3,7.0,7.7,3.2,1.1,12.8,14.3,0.6,1.5,2.1,0.089,-1.8,1.0,-0.8,0.3
420,19.0,46.0,5.2,0.34,0.0,0.4,7.5,25.4,16.4,5.9,2.2,1.9,5.4,17.9,-0.1,0.1,0.0,-0.033,-7.4,-0.6,-8.0,-0.1
421,33.0,627.0,16.0,0.602,0.019,0.545,11.3,19.4,15.3,7.4,1.1,2.8,14.6,15.7,1.2,0.7,1.9,0.144,-0.7,1.2,0.5,0.4
422,71.0,1955.0,24.6,0.65,0.002,0.383,13.5,31.0,22.3,5.8,1.4,5.8,11.6,19.5,6.0,3.9,9.9,0.242,0.1,2.9,3.0,2.5
423,55.0,1753.0,24.3,0.601,0.475,0.288,2.3,17.0,9.7,40.7,2.6,0.7,12.7,24.3,7.0,2.6,9.6,0.262,6.0,1.0,7.0,4.0
424,19.0,90.0,15.8,0.478,0.19,0.333,8.9,22.6,15.7,7.1,0.0,4.8,4.0,24.6,0.1,0.1,0.2,0.081,-3.8,-1.9,-5.7,-0.1
425,48.0,538.0,17.4,0.619,0.0,0.365,8.8,29.7,19.6,4.8,0.9,2.8,11.0,17.6,1.1,0.7,1.8,0.161,-2.6,-0.5,-3.1,-0.2
426,50.0,643.0,14.2,0.626,0.544,0.078,1.9,19.8,11.0,7.5,1.3,1.8,7.8,14.9,1.0,0.5,1.6,0.118,-0.1,-0.9,-1.0,0.2
427,36.0,691.0,13.7,0.578,0.517,0.115,2.3,13.1,7.5,16.5,1.3,1.5,12.5,18.3,0.7,0.4,1.1,0.079,0.3,-1.5,-1.2,0.1
428,57.0,584.0,10.9,0.605,0.442,0.227,2.7,17.0,10.0,6.8,1.6,0.4,14.2,15.0,0.4,0.4,0.8,0.068,-1.6,-1.5,-3.1,-0.2
429,75.0,2413.0,12.7,0.502,0.404,0.162,2.9,17.8,10.1,6.4,0.9,1.8,7.4,23.3,1.1,2.4,3.5,0.069,-2.0,-2.0,-3.9,-1.2
430,68.0,1781.0,14.2,0.523,0.335,0.258,3.1,12.1,7.6,26.0,2.0,0.9,15.6,22.6,0.7,1.4,2.1,0.056,-0.3,-0.3,-0.5,0.7
431,21.0,476.0,14.0,0.494,0.429,0.079,3.3,9.5,6.3,28.9,2.2,1.7,13.3,19.3,0.3,0.4,0.6,0.065,-0.2,-0.6,-0.8,0.1
432,24.0,165.0,7.1,0.41,0.148,0.241,10.1,20.3,15.2,12.2,1.5,1.5,19.0,19.6,-0.3,0.2,0.0,-0.01,-5.7,0.9,-4.8,-0.1
433,66.0,1251.0,13.2,0.55,0.764,0.154,1.6,10.9,6.3,5.7,1.4,1.2,5.7,22.1,1.4,1.3,2.8,0.106,1.9,-2.4,-0.5,0.5
434,77.0,2780.0,17.4,0.544,0.319,0.168,1.9,9.9,5.9,16.0,1.3,1.0,8.5,26.4,4.0,2.7,6.7,0.115,1.7,-1.1,0.6,1.9
435,77.0,1930.0,16.0,0.558,0.442,0.09,2.8,15.1,8.7,12.3,2.0,1.0,11.2,24.3,1.2,1.3,2.6,0.064,1.1,-1.6,-0.5,0.7
436,77.0,1462.0,9.1,0.523,0.457,0.141,0.8,7.3,4.1,8.1,0.9,0.1,6.8,16.7,0.7,1.3,2.0,0.065,-1.3,-1.8,-3.1,-0.4
437,11.0,99.0,8.5,0.398,0.567,0.2,7.7,15.6,11.5,6.9,1.5,3.8,10.9,16.6,-0.1,0.1,0.0,-0.012,-4.1,-0.2,-4.3,-0.1
438,70.0,1657.0,16.6,0.558,0.408,0.201,4.7,13.1,8.9,11.7,0.9,4.7,10.3,23.5,1.8,1.9,3.7,0.106,0.4,0.2,0.6,1.1
439,18.0,98.0,18.2,0.486,0.024,0.119,10.4,25.4,17.9,3.4,4.5,5.5,10.2,22.3,0.0,0.2,0.2,0.085,-4.9,2.2,-2.7,0.0
440,18.0,237.0,10.1,0.527,0.256,0.233,3.8,13.1,8.4,13.1,3.8,1.9,24.0,11.7,0.0,0.4,0.4,0.072,-3.3,2.9,-0.4,0.1
441,61.0,558.0,7.2,0.493,0.43,0.339,1.2,12.2,6.7,9.2,2.3,1.0,16.8,13.4,-0.3,0.8,0.5,0.043,-3.8,1.1,-2.7,-0.1
442,11.0,156.0,14.0,0.51,0.52,0.18,2.3,13.5,7.9,30.3,1.6,2.2,18.2,19.2,0.1,0.1,0.2,0.066,-1.1,-1.8,-2.9,0.0
443,59.0,1975.0,13.9,0.536,0.138,0.371,3.1,13.8,8.5,17.6,1.1,1.8,14.4,22.2,1.0,1.8,2.8,0.068,-1.6,0.3,-1.3,0.3
444,28.0,381.0,19.0,0.596,0.0,0.324,9.8,19.3,14.4,5.6,1.7,6.4,6.4,14.7,0.8,0.5,1.3,0.165,-1.3,2.3,1.0,0.3
445,78.0,2819.0,18.7,0.566,0.357,0.245,2.3,11.4,6.9,21.2,1.7,1.1,11.6,27.8,4.3,2.4,6.7,0.113,2.8,-1.0,1.9,2.7
446,77.0,2386.0,13.8,0.603,0.454,0.244,1.4,10.9,6.2,7.1,1.1,0.3,10.2,18.9,3.6,1.6,5.1,0.103,1.1,-1.9,-0.8,0.7
447,75.0,2089.0,13.8,0.564,0.426,0.161,1.5,10.7,5.9,18.3,1.7,0.7,13.1,19.6,2.0,0.9,2.9,0.067,0.7,-1.6,-0.9,0.6
448,69.0,1553.0,20.0,0.548,0.28,0.199,10.3,22.3,16.1,13.6,1.5,1.1,9.9,26.0,2.2,1.4,3.6,0.111,1.4,-0.7,0.7,1.1
449,20.0,115.0,5.4,0.425,0.69,0.034,0.0,6.8,3.4,14.9,1.7,0.0,13.3,26.0,-0.3,0.1,-0.2,-0.08,-5.0,-4.3,-9.3,-0.2
450,35.0,286.0,25.1,0.611,0.0,0.621,13.9,29.8,21.7,12.5,1.5,3.3,16.0,28.8,0.8,0.5,1.2,0.208,-0.5,0.6,0.1,0.2
451,58.0,1970.0,19.6,0.544,0.323,0.331,4.1,19.8,11.9,28.1,1.0,0.8,12.6,28.9,3.2,1.9,5.0,0.123,2.8,0.0,2.8,2.4
452,78.0,1428.0,13.9,0.556,0.003,0.455,10.7,23.9,17.3,6.4,0.7,5.0,17.4,14.5,1.1,1.7,2.8,0.093,-3.7,2.1,-1.5,0.2
453,77.0,2614.0,19.8,0.555,0.012,0.335,5.9,19.3,12.8,37.4,2.4,2.1,19.3,22.2,4.0,4.7,8.7,0.159,0.9,3.5,4.4,4.2
454,52.0,968.0,9.2,0.517,0.424,0.166,3.6,11.4,7.4,7.5,1.9,1.4,14.0,19.5,-0.4,0.7,0.3,0.013,-2.6,-1.3,-3.9,-0.5
455,66.0,1324.0,15.6,0.564,0.021,0.526,9.7,21.7,15.7,11.2,1.2,2.6,13.6,15.9,2.1,1.9,4.1,0.147,-1.7,2.0,0.3,0.8
456,46.0,1433.0,9.7,0.496,0.325,0.131,1.7,7.3,4.5,10.4,1.8,0.5,13.3,23.5,-1.4,1.3,-0.1,-0.005,-2.8,-1.3,-4.1,-0.8
457,58.0,1965.0,12.9,0.531,0.445,0.193,1.5,6.3,4.0,17.1,1.8,0.7,10.8,20.7,1.5,1.1,2.6,0.064,1.0,-1.4,-0.4,0.8
458,51.0,657.0,5.5,0.508,0.425,0.17,0.7,10.5,5.5,6.2,0.3,1.1,11.3,12.4,-0.1,0.2,0.1,0.006,-4.3,-1.7,-6.0,-0.7
459,77.0,1402.0,11.7,0.506,0.037,0.187,9.1,22.3,15.8,9.4,0.7,2.8,14.6,16.4,0.4,2.4,2.8,0.097,-4.0,2.2,-1.8,0.1
460,14.0,93.0,5.4,0.402,0.125,0.375,2.3,12.2,7.2,2.9,3.2,4.8,17.7,11.0,-0.2,0.1,0.0,-0.001,-7.5,3.8,-3.7,0.0
461,75.0,1624.0,13.5,0.652,0.777,0.278,3.1,12.6,7.7,7.5,0.9,1.1,9.8,14.7,3.4,1.5,4.8,0.142,2.0,-0.7,1.2,1.3
462,71.0,2582.0,28.9,0.615,0.113,0.406,7.8,24.9,16.6,10.8,2.0,5.5,8.7,29.8,8.5,4.5,13.0,0.241,3.0,2.3,5.3,4.7
463,30.0,186.0,23.2,0.737,0.0,0.351,13.5,18.4,16.0,4.4,0.3,6.0,13.2,18.1,0.7,0.2,0.8,0.219,1.0,-0.6,0.4,0.1
464,78.0,2832.0,13.2,0.509,0.26,0.244,3.0,10.7,6.8,8.0,1.5,1.5,8.9,23.6,0.5,1.4,1.9,0.032,-1.0,-1.5,-2.6,-0.4
465,56.0,1326.0,12.7,0.534,0.331,0.371,2.0,9.7,5.7,21.4,1.5,1.8,14.0,19.7,1.0,0.8,1.8,0.064,-0.9,-1.4,-2.3,-0.1
466,23.0,216.0,10.9,0.696,0.0,0.08,12.9,25.5,19.3,9.1,0.9,4.9,42.3,8.8,0.1,0.3,0.4,0.094,-3.6,3.6,0.0,0.1
467,39.0,1037.0,10.9,0.543,0.222,0.235,7.7,12.2,9.9,6.0,2.2,3.1,14.4,8.6,0.8,1.3,2.1,0.099,-1.4,2.8,1.4,0.9
468,63.0,1601.0,11.3,0.539,0.36,0.277,3.8,12.5,8.5,16.0,1.6,1.9,16.0,11.5,1.6,1.7,3.3,0.098,-0.7,1.0,0.4,1.0
469,76.0,2541.0,23.0,0.556,0.011,0.453,16.5,36.6,26.3,14.3,2.2,4.3,16.0,21.2,4.4,5.6,10.1,0.19,0.2,5.3,5.5,4.8
470,70.0,1094.0,14.2,0.563,0.123,0.353,11.7,18.3,15.1,13.3,1.9,3.3,16.6,12.7,1.7,1.9,3.6,0.158,-0.6,3.3,2.7,1.3
471,71.0,2085.0,11.1,0.54,0.634,0.155,1.3,14.3,7.7,7.9,1.0,1.1,8.4,18.6,1.0,1.3,2.2,0.051,-0.3,-1.2,-1.5,0.3
472,13.0,49.0,9.2,0.663,0.615,0.231,0.0,13.5,6.9,2.9,1.0,1.6,17.3,15.5,0.0,0.1,0.1,0.076,-1.8,-1.5,-3.3,0.0
473,65.0,1950.0,12.4,0.529,0.586,0.144,5.1,22.3,13.8,5.8,1.9,1.5,10.7,14.9,1.2,3.0,4.2,0.103,-0.5,1.7,1.2,1.6
474,24.0,101.0,8.5,0.52,0.44,0.0,7.9,11.1,9.5,2.7,1.5,0.9,7.4,11.9,0.1,0.1,0.2,0.078,-1.8,-1.6,-3.5,0.0
475,66.0,1324.0,19.4,0.615,0.003,0.638,13.4,27.2,20.1,8.5,1.0,3.7,14.2,16.6,3.0,1.2,4.3,0.155,-0.5,1.3,0.8,0.9
476,73.0,1095.0,9.1,0.573,0.755,0.145,2.3,8.8,5.5,3.4,1.6,0.7,7.7,12.7,1.3,0.9,2.2,0.095,-0.6,-1.8,-2.3,-0.1
477,62.0,1030.0,13.1,0.526,0.335,0.31,2.0,18.4,10.3,9.8,1.8,0.7,11.3,22.4,0.2,1.5,1.7,0.081,-2.7,-0.3,-3.0,-0.3
478,5.0,70.0,9.3,0.455,0.0,0.5,4.5,29.6,16.8,16.4,3.4,1.2,24.2,17.5,-0.1,0.1,0.0,-0.004,-6.5,2.7,-3.7,0.0
479,34.0,462.0,19.9,0.557,0.005,0.163,7.4,25.3,16.4,10.1,1.7,4.4,8.7,22.2,0.7,0.8,1.5,0.154,-1.8,1.4,-0.5,0.2
480,70.0,2219.0,17.5,0.577,0.301,0.153,4.8,20.1,12.6,23.9,0.9,2.9,14.3,18.4,3.8,3.8,7.6,0.164,1.1,3.0,4.1,3.4
481,44.0,463.0,5.7,0.464,0.477,0.269,2.4,12.1,7.3,7.2,1.4,1.6,17.1,16.9,-0.6,0.7,0.0,0.004,-5.3,0.3,-5.0,-0.3
482,7.0,164.0,6.6,0.411,0.644,0.244,1.3,12.6,6.8,8.6,2.1,1.1,3.9,14.4,-0.1,0.2,0.1,0.019,-3.2,0.3,-2.9,0.0
483,55.0,1838.0,16.6,0.531,0.393,0.263,5.2,21.8,13.4,11.7,1.4,1.9,9.7,24.5,1.1,1.9,3.0,0.078,0.1,-0.1,0.1,1.0
484,31.0,188.0,10.1,0.508,0.449,0.159,4.3,6.2,5.2,15.2,1.6,0.0,11.9,19.7,0.1,0.1,0.2,0.039,-0.5,-3.7,-4.1,-0.1
